Q,A,label
오늘 새로 온 신입사원 봤어요? 모여서 깔깔대며 웃는 모습들이 너무 부럽더라구요. 나도 그렇게 잘 웃었으면 좋겠는데 갑자기 감정표현을 잘하지 못하는 제 모습에 너무 슬퍼지더라구요.,"맞아요, 좋을 때다 싶더라구요. 무슨 마음인지 이해가 갈 것 같아요. 저도 제가 못하는 것을 잘하는 사람을 보면 부러운 마음에 슬퍼질 때가 있어요.",2
그렇죠? 저만 그런 건 아니겠죠? 오늘 해맑게 웃는 친구들을 보니 내가 너무 부정적으로 살고 있나 싶더라구요. 세상은 그들에게도 같은 세상일 텐데 생각하니 괜히 슬퍼지는 마음에 당황스럽기도 하구요.,"너무 행복하고 싶고, 잘 웃고 싶은데 마음처럼 되지 않으니 속상하고 슬퍼지는 거군요. 왠지 잘 웃는 사람들과 비교하게 되면 불행한 마음이 들 수 있지만 그건 겉모습일 뿐이에요. 너무 슬퍼 말아요.",1
겉모습이라도 그렇게 자기 감정을 잘 표현하고 밝은 사람들을 보면 부러워요. 왜 나는 저렇게 하지 못할까 상심이 되더라구요.,꼭 활짝 웃고 소리 내어 웃어야만 아름다운 건 아니에요. 조용하고 따뜻한 미소도 충분히 가치가 있답니다. 저는 대리님이 저에게 미소를 보낼 때 얼마나 마음이 편안해지고 기분이 좋아지는데요.,2
어머 그런가요? 저는 웃음이 예쁜 사람이 아니라고 생각했어요. 늘 잘 웃는 사람들을 보며 부러워하기만 했죠. 나는 웃는 모습도 숨기고 싶을 정도로 자신감도 없었어요.,맞아요. 너무 자신을 과소평가하지 않아도 되어요. 대리님의 미소만으로도 충분히 위로받는 사람들이 많을 거예요.,2
저는 늘 저 자신이 어둡다고만 생각했고 명랑하고 밝은 사람들이 웃는 모습을 보면 늘 부러웠어요. 이젠 그럴 필요 없지 않을까 하는 생각이 드네요. 뭔가 그렇게 생각하니 슬픔에서 자유로워지는 느낌이에요.,부러운 마음은 이해가 가요. 누구나 가질 수 있는 감정이죠. 하지만 따지고 보면 이 세상에 남을 부러워하는 것만큼 불필요한 것도 없을 거예요.,2
그럴까요? 전 늘 제가 갖지 못한 걸 보면 부러워서 그 부러움이 슬픔으로 변하더라구요.,사람 사는 세상이 다 비슷해요. 뚜껑을 열어보면 누구에게나 어려운 상황은 있기 마련이에요. 지금 환하게 웃고 있는 누군가의 마음엔 슬픔이 가득할 수 있는 것처럼요.,0
맞아요. 제가 너무 겉만 보고 그런 깊은 생각은 못 해봤네요. 잘 웃지 못하는 내 성격도 그냥 받아들이고 인정할래요.,그럼요. 대리님 그 모습 그대로 저는 너무 충분하다고 생각해요.,2
"공감화자님, 어제 드디어 제 조카가 태어났어요. 갓 태어난 아기가 얼마나 작고 소중한지 보고 있는 것만으로도 정말 감동이었어요.",언니분이 임신하셨다고 한 게 엊그제 같은데 벌써 출산하셨다니 정말 축하드립니다. 그 작은 생명체가 이 세상에 나온 것을 목격하는 것은 경이로운 일이죠. 얼마나 행복하셨을까요.,2
자는 조카를 바라보는데 마음이 얼마나 뿌듯하던지 저도 모르게 얼굴에 미소가 지어지더라고요. 이 세상에 모든 것을 주고 싶은 마음이었어요. 정말 행복한 하루였어요 집에 가는 발걸음이 어찌나 무겁던지요.,듣기만 해도 행복했던 감정이 저에게 전달이 되는데 감정화자님은 얼마나 마음이 벅차셨을까요. 이 세상에 태어난 조카분도 그 행복한 감정을 고스란히 느꼈을 것 같아요.,2
제 조카가 제가 느낀 감정을 느낄 수 있다는 생각만 해도 기쁨의 눈물이 나네요. 어떻게 어제 처음 본 사람과 이렇게 빨리 사랑에 빠질 수 있을까요 하하. 정말 첫눈에 반한 느낌이에요 조카의 모든 것을 잊을 수가 없어요.,태어난 지 하루 된 아기를 이렇게까지 벌써 사랑하시는데 나중에 더 크면 얼마나 사랑하실까요. 조카분은 감정화자님의 사랑을 듬뿍 받고 자라 자존감이 높은 사람이 될 것 같아요. 이 얼마나 감사한 일인가요.,2
"그러게요, 벌써 조카 바보가 됐나 봐요. 제 동생도 어찌나 대단해 보이는지 그저 어린애인 줄로만 알았는데... 동생이 정말 대견하면서도 마음이 아프더라고요.",옆에서 힘든 모습 지켜보시면서 감정화자님도 얼마나 마음 졸이셨겠어요. 그것도 분만 과정 내내 옆에 같이 있으셨다고 들었는데... 누군가의 고통을 옆에서 지켜보는 게 결코 쉬운 일이 아니죠 동생분도 감정화자님도 수고 많으셨어요.,2
"맞아요. 하지만 그 모든 노고가 아기를 보는 순간 눈 녹듯이 씻겨 내려가는 것 같았어요. 그 순간 느꼈던 감정은 말로 설명할 수가 없어요. 행복, 기쁨, 희열, 반가움 모든 것이 복합적으로 느껴졌어요.",출산이란 이 세상에서 제일 아름다운 일이라고도 하잖아요. 감정화자님이 그 생명이 주는 기쁨을 저에게도 나눠주시는 것 같아 너무 감사하네요. 저 또한 마음이 너무 풍족해진 기분이에요.,2
그렇게 상냥하게 말해주시다니 너무 감사하네요. 공감화자님 말씀대로 너무 기쁜 날이었어요.,그나저나 아기 이름은 지으셨어요? 요즘은 대부분 출산하기 전부터 지으신다고 하던데요.,0
아니요. 작명소에서 받은 이름이 있긴 한데 아직 정하진 않은 것 같아요.,"모든 사람의 축복을 받고 태어났으니 축복이는 어떤가요, 하하하. 사실 이름이 뭐가 중요한가요. 건강하게만 자랐으면 좋겠네요.",2
"공감화자님, 잘 지내고 계시죠? 저는 지금 여행 중이에요. 길을 걷다 보니 공감화자님 생각이 나서 연락드렸어요.","감정화자님, 정말 오랜만이네요. 여행길에서 절 떠올려주시다니 영광이네요. 낭만적이기도 하고요. 그런데 웬일로 평일에 여행을 떠나셨어요?",0
지난달에 회사를 그만뒀거든요. 덕분에 평일에도 편하게 여행을 할 수 있게 되었어요. 약간의 불안감을 함께 품고 다니긴 하지만요.,세상에. 왜 일을 그만두게 되었어요? 누구보다 좋아하던 일이었잖아요. 무슨 일이 있었던 거예요?,0
원하던 일이었지만... 세상은 원하는 대로 흘러가지 않는다는 사실을 깨닫게 되었어요. 회사에서 권고사직 제안을 받았거든요. 따지자면 반강제로 그만두게 된 셈이죠.,그간 많이 힘드셨겠네요. 감정화자님만큼 일에 열정적인 사람을 만나보지 못했는데. 듣는 제 마음도 이렇게 불편한데 감정화자님 마음은 얼마나 무너졌겠어요.,2
맞아요. 사실 회사 사정이 악화돼서 관두게 된 거라면 이렇게까지 힘들진 않았을 거예요. 내 실력에 문제가 있다고 하니 자존감이 바닥을 치더라고요. 제 결과물 때문에 거래처에서 컴플레인이 많이 들어왔었나 봐요.,자부심을 가지고 임하던 일인데 안 좋은 평가를 받게 되었다니 충격이 컸겠네요. 제가 감히 예상하기도 어려울 만큼 혼란스러운 시간을 보냈을 거 같아요. 세상이 마음대로 흘러갈 수만 있다면 얼마나 좋을까요?,2
"상처받긴 했지만, 한편으로는 후회가 되기도 했어요. 어쩌면 이 모든 게 제 잘못일 테니까요. 제가 자신을 잘 개발하지 못해서 생긴 불상사니 누굴 탓할 수 있겠어요.",사람은 모두 완벽할 수 없어요. 아무리 노력해도 어느 구석 한 곳은 부족함이 있기 마련이죠. 제가 보기에 감정화자님은 누구보다 열심히 자기 계발을 해왔어요.,2
그런데 왜 이런 결과를 마주하게 된 걸까요? 그렇다면 저는 노력해도 부족함을 극복해낼 수 없는 루저였을지도 모르겠네요.,그렇지 않아요. 원숭이도 나무에서 떨어지는 때가 있다는 속담처럼 그저 타이밍이 맞지 않았을 뿐이죠. 우리 회사에서는 감정화자님의 영상 편집 실력이 아주 뛰어나다고 평가했었는걸요.,2
정말 그런가요? 저는 누구에게도 인정받지 못하는 사람인 줄로만 알았어요. 그래서 다시는 영상 제작엔 발도 들이지 않을 거라 다짐했었고요. 제가 또다시 이 일을 맡아서 할 수 있을까요?,당연하죠. 우물 안에 갇혀 넓은 세상을 놓치지 말아요. 전에 다니던 회사와 거래처 스타일이 감정화자님과 맞지 않았던 거예요. 분명 어딘가에 감정화자님의 진가를 알아줄 곳이 존재하고 있을 테니 아직 낙담하기는 일러요.,1
그렇게 말해주시니 기뻐요. 다시 일어날 수 있는 용기가 생기는 것 같고요. 여행을 마치고 나면 저와 결이 잘 맞는 회사를 알아봐야겠어요.,좋은 생각이에요. 천천히 여행을 즐기면서 마음의 여유를 충전하고 오면 좋을 것 같네요. 감정화자님은 꼭 다시 일어날 수 있을 거예요. 난 감정화자님이 충분히 그만큼의 힘을 가진 용기 있는 사람이라는 걸 알아요.,2
고마워요. 덕분에 한층 성장한 기분이 드네요. 여행 마치고 연락드릴게요. 같이 식사해요.,좋아요. 건강한 모습으로 뵈어요. 기다리고 있을게요.,2
우리 딸이 부끄러움을 너무 많이 타는 것 같아서 너무 걱정이야.,너희 딸이 좀 내성적인 성격이어서 그럴 수도 있지 뭐. 아직 어린아이잖아. 그 또래 아이들 대게 다 비슷하게 부끄러움 타지 않아?,0
내 생각엔 우리 딸이 또래 아이들보다 유독 더 부끄럼을 타는 것 같아. 누굴 만나면 바로 내 뒤로 숨어버리고 부끄럽다며 누구에게도 전혀 인사를 하지 않아. 이런 상황이 매일 반복되니까 아이에게 무슨 문제가 있는 것은 아닌지 너무 불안해지기 시작했어.,아직 낯 가릴 나이여서 그런 것은 아닐까? 아직 어린아이이니 낯선 사람을 경계하고 무서워할 수도 있지.,0
나도 처음엔 그럴 수도 있다고 생각했어. 그런데 아이가 유치원에서 자주 보는 친구들을 밖에서 마주칠 때도 부끄럽다며 내 뒤로 숨어버리더라고. 그 모습을 보는데 오만 생각이 다 들면서 갑자기 불안함이 엄습하는 거야.,그런 상황을 자주 목격하면 불안한 마음이 들기도 하겠다. 혹시나 아이가 친구를 사귀거나 할 때 어려움을 겪진 않을까 걱정이 됐을 것 같아. 너희 딸이 자기 의사를 잘 표현하지 못해서 곤란한 상황에 부닥칠까 봐 불안한 거지?,2
정확히 맞아. 부끄러움 때문에 꼭 필요한 말도 못 하고 지내는 것은 아닌지 아이의 생활도 너무 걱정돼. 유치원에서 혼자 끙끙거리며 지내고 있는 것은 아닌지 아이가 너무 염려스러워.,엄마라면 당연히 걱정되지. 혹시 유치원 선생님에게서는 아이의 그런 부분에 대해 어떠한 말씀이 없으셨니?,0
"응, 아직은 아무런 말씀도 없긴 해. 너무 조용한 아이라서 선생님이 아이의 그런 부분을 놓치신 것은 아닐지 걱정스러워.",많이 걱정된다면 먼저 선생님께 연락해서 물어보는 것도 좋은 방법일 것 같아. 하지만 선생님에게서 아직도 특별한 언급이 없었다면 아이가 유치원에서는 잘 지내고 있는 것은 아닐까? 내 생각에 아이의 생활에 문제가 있었다면 진작에 연락이 왔을 것 같아.,2
정말 그랬을까? 네 말도 일리가 있는 것 같아. 나는 괜히 아이가 유치원에서 혼자 겉돌며 외롭게 지내고 있는 것은 아닌지 내내 걱정하며 지냈어.,아직도 불안하면 유치원 선생님에게 먼저 전화해서 아이가 잘 생활하고 있는지 물어보자. 만약 아이에게 도움이 필요하다면 적절하게 도울 방법도 알려주실 거야. 막연하게 염려하며 걱정하고 있는 것보다는 문제를 정확하게 알고 대처하는 것이 나을 것 같아.,1
정말 그래야겠다. 나는 아직 확실하지도 않은 일을 상상하며 자신을 너무 괴롭히고 있는 것 같아. 이제 마음을 좀 가다듬고 차분하게 대처해봐야겠어.,"아이 일이라서 걱정되는 엄마의 마음은 충분히 이해하지만, 너무 앞서 하는 걱정은 아무런 도움도 되지 않으니까. 괜히 지나친 걱정으로 너의 몸과 맘이 상하지 않았으면 좋겠어.",1
"팀장님, 저 고객응대 업무랑 맞지 않는 것 같아요.",안 그래도 요새 많이 힘들어 보여서 걱정했어요.,2
진상 고객을 상대할 때면 당황스러운 마음에 머리가 새하얘져요. 항상 매뉴얼에서 벗어나는 일이 생기니까 어쩔 줄을 모르겠어요.,항상 내가 상상한 것 이상의 요구를 하는 사람들이 나타나니 당황스러울 만도 해요. 나도 처음 이 일을 시작했을 때 딱 그런 마음이었어요.,2
진상 고객을 겪을 때마다 대처 방법을 기억해 두려고 노력해요. 하지만 그런 노력들이 다 쓸모없더라고요. 항상 새로운 유형의 진상 고객이 나타나니까 매번 당황해요.,이 일이 매번 혼란스럽고 어려운 게 당연해요. 정사원만 그런 게 아니니까 주눅 들지 않았으면 좋겠어요.,1
하지만 제가 제 몫을 해내지 못하니까 매번 선배님들이 처리해 주시잖아요. 그럴 때마다 너무 죄송한데 제 마음처럼 실력이 늘지 않아요.,지금 선배들도 다 그런 과정을 거치면서 여기까지 온 거니까 조급하게 생각할 것 없어요. 오히려 이렇게 책임감 있는 마음을 가지고 일을 해줘서 정사원이 기특하고 고마운걸요? 지금도 충분히 잘하고 있으니까 능숙하게 대처하지 못한다고 해서 당황할 것 없어요.,1
정말요? 저도 시간이 지나면 선배님들처럼 잘 대처할 수 있을까요?,"당연하죠, 경험이 쌓이다 보면 어떻게 대처해야 하는 지 감이 와요. 방법을 다 알아야 한다는 생각보다는 마음을 차분하게 가지면 다 해결할 수 있어요. 그러니 침착할 수 있도록 마음을 다잡는 연습을 해봐요.",1
"네, 팀장님 조언대로 방법보다는 제 마음가짐을 다잡도록 노력해 볼게요.","이렇게 자기 일에 대해 고민하고, 애쓰는 정사원이라면 그 누구보다도 잘할 것 같네요. 시간이 지나면 자연스럽게 늘어갈 테니 너무 부담 갖지 말고 편안하게 생각해요.",1
"일하면서 힘들 때마다 팀장님께 연락드리는데, 그때마다 진심으로 위로해 주고 조언해 주셔서 감사해요.",혼자 힘들어하지 말고 이렇게 연락해주니 난 너무 고마워요. 힘내요.,2
나 요즘 우울증 약을 먹고 있는데 너무 고민이야.,왜? 무슨 일 있어? 뭐가 그렇게 고민이야.,0
아니 약을 먹으면 너무 잠이 오는 거야. 그래서 업무도 어렵고. 일을 제대로 할 수 있을까?,"이러지도 저러지도 못하는 상황이라 너무 걱정이 많구나. 너무 걱정하지 마, 누구나 다 겪는 일이고 분명 해결 방법이 있을 거야.",1
그랬으면 좋겠어. 약을 먹지 않으면 너무 우울해서 일을 할 수가 없어. 하지만 졸리면 그날 업무를 다 못 끝내니까 그건 그거대로 힘들더라고.,이러지도 저러지도 못하는 상황이구나. 나라도 선뜻 결정을 내리지 못할 것 같아. 주말에는 괜찮은 거지?,2
"일하지 않는 날에는 상관이 없는데, 출근하는 날만 되면 걱정되는 거 있지. 출근하러 가기가 두려울 정도로 고민이 되고 있어. 정말 어떻게 해야 할까.","그러게, 주말에는 약을 먹으면 그만이지만 평일이 문제네. 혹시 상사나 사수한테 이 고민을 물어볼 생각은 해봤어?",2
응 그렇다고 이 고민을 상사한테 말하고 싶지 않아. 나를 이상하게 볼 수도 있잖아. 요즘에 우울증약 먹는다고 하면 사람들이 이상하게 보는 경향이 있더라고.,"나도 비슷한 일이 있어서 조금이나 너의 마음을 알 수 있을 것 같아. 나도 그땐 이 일을 누구에게 말하고 싶어서 밤새 고민을 한 적도 있어. 너무 걱정하지 마, 너만 겪는 일이 아니야!",1
그렇게 생각해? 거대한 벽에 막혀버린 기분이 들어. 이젠 이 벽을 넘을 힘조차 없고 용기도 안 나. 이대로 그냥 살아야 하는 걸까?,그렇게 생각할 수 있지 물론. 하지만 이 세상에 못 넘는 벽은 존재하지 않아. 지금까지 너는 어떤 장애물이라도 아주 쉽게 뛰어넘곤 했잖아!,2
정말? 너는 내가 이 문제도 해결할 수 있을 거라 생각하는 거야? 이번 문제는 지난날의 것들과 다른 느낌이라 나는 겁이 나는 거야.,그럼! 너는 내가 만난 사람들 가운데 가장 현명한 사람인걸! 가끔은 너의 기발한 생각과 해결책에 깜짝 놀랄 때도 있어! 너는 그만큼 똑똑하고 뛰어난 사람이야!,2
이렇게 응원을 해주니 정말 힘이 난다. 정말 고마워 너의 말에 용기를 얻었어. 너무 걱정만 할 게 아니라 이 문제를 해결하도록 노력해야겠다.,그래! 너무 걱정하지 마. 네가 해결할 수 없는 문제가 뭐가 있겠어? 다 잘될 거야.,1
저 어제 사고 날 뻔했잖아요.,큰일 날 뻔했어요. 퇴근길에요?,0
네. 옆 차가 깜빡이도 안 켜고 들어오는 거예요.,그게 무슨 운전 예의래요? 그 운전자 초보운전이었어요?,0
심지어 초보운전도 아니었어요. 그래서 더 화가 나더라니까요. 아이들도 같이 타고 있었는데 큰일날 뻔했어요.,아이와 함께 탔을 때 사고 날 뻔했으니 얼마나 당황스럽고 화가 나셨을지 짐작이 되네요. 저도 아이들이 연관되면 침착하기가 어렵더라구요.,2
그러니까요. 퇴근길에 차가 얼마나 많은데 그렇게 험하게 운전하다니.,그 사람은 운전을 다시 배워야겠네요.,0
완전히 동의해요. 저녁에도 그 순간이 자꾸 생각나서 감정이 격렬해지더라고요. 아이들 앞에서 화를 가라앉힌다고 애를 먹었어요. 아직도 화가 안 가라앉네요.,그렇게 충격적인 일이 있었는데 얼마나 놀라셨겠어요. 감정이 격렬해질 수밖에 없죠. 충분히 이해합니다. 아이들 앞에서 티 내지 않는다고 고생하셨어요.,2
이렇게 말하니까 어제보다는 한결 낫네요. 얘기 들어주셔서 고마워요.,고맙긴요. 얘기 나누면서 푸는 거죠.,0
"아무튼, 앞으로 통행량이 많을 땐 지금보다 특히 주의해야겠어요.",네. 특히 출퇴근길 조심하세요.,1
"대리님, 회사 밑에 있는 편의점에서 렌털 서비스로 비싼 미용기기를 저렴하게 이용할 수 있더라고요. 그래서 원래보다 반값의 가격에 미용기기를 이용했어요.",어쩐지 아침부터 주임님 기분이 좋아 보이더라고요. 그런데 갑자기 웬 렌털 서비스예요?,0
제가 사용하던 미용기기가 갑자기 고장 나서 새로 사려고 하니까 금액이 너무 커서 망설여지는 거예요. 요즘엔 렌털 서비스가 많아서 혹시나 하고 검색해봤더니 진짜 있더라고요. 심지어 가까운 거리에 있는 곳에서 대여 신청이 가능하길래 고민도 안 하고 신청했어요!,그렇게 해서 지출을 줄일 수 있었군요. 예상하지 못하게 지출을 줄이는 것만큼 직장인에게 큰 즐거움은 없는 것 같아요. 저였어도 주임님처럼 즐거웠을 것 같다는 생각이 드네요.,2
사실 렌털이라서 큰 기대는 없었는데요. 브랜드 종류도 다양해서 제가 원래 사용하던 기종도 있더라고요. 덕분에 절약한 돈으로 필요한 곳에 소비를 할 수 있게 되었어요.,한 번에 두 마리를 토끼까지 잡았네요! 늘 생각하는 거지만 주임님은 정보력과 검색 능력이 뛰어난 것 같아요. 저라면 렌털 서비스 검색은 꿈도 못 꿨을 거예요.,2
칭찬까지 들으니까 기분이 더 좋네요! 어떻게 하면 같은 금액이라도 더 현명하게 사용할 수 있을까를 늘 생각해서 그런 것 같아요. 아침부터 얼굴에서 웃음꽃이 떠나질 않아요.,저 같아도 기분 좋아서 주임님처럼 함박웃음을 짓고 다녔을 것 같아요. 새로운 미용기기로 손질한 머리는 잘 된 것 같아요?,2
머리는 평소랑 똑같은데 제 기분이 좋아서 그런지 아주 잘된 것 같아요! 자꾸만 거울을 보게 된다니까요.,주임님의 행복 바이러스가 여기까지 퍼지는 것 같아요. 주임님은 상대방도 기분 좋게 만드신다니까요. 그나저나 절약한 돈으로 뭘 샀는지 물어봐도 돼요?,2
제가 곧 승진 시험을 앞두고 있잖아요. 그런데 퇴근하고 혼자서 공부하려니까 집중이 안 되더라고요. 그래서 인터넷 강의와 독서실 등록 비용으로 썼어요.,시험까지 한 달이나 남았을 텐데 주임님은 행동력도 정말 좋으세요. 일도 빠릿빠릿하게 해내시더니 괜히 잘하는 게 아니었네요. 저는 게으른 편이라 주임님의 그런 장점이 정말 부럽네요.,2
일 잘한다고 동료들한테 인정받는 대리님께 그런 칭찬을 들으니까 몸 둘 바를 모르겠어요. 사실 대리님을 늘 존경하고 있었거든요. 그래서 저도 대리님처럼 인정받는 사람이 되고 싶어서 열심히 하게 되는 것 같아요.,저는 주임님 나이 때 주임님처럼 그렇게 일 못했었거든요. 주임님이 저보다 훨씬 더 일을 잘하는 것 같아요.,2
"최 대리, 오늘은 정말 슬픈 영화를 보고 싶어요.",뜬금없이 그게 무슨 소리예요? 주말 밤에 신나는 영화가 생각나야지.,0
동생이 결혼한다고 하네요. 곧 상견례가 잡힐 것 같아요. 갑자기 그 말을 하는데 어찌나 당황스럽던지.,그럼 좋은 소식이 아니니요? 왜 슬픈 영화가 보고싶어질까요?,0
형제들 다 결혼해서 이제 나만 남았단 말이에요. 벌써 엄마 잔소리에 진이 빠져요.,"아, 그렇네요. 내가 깜박 잊고 있었네요. 김 대리 오빠도 작년에 결혼했지요?",2
오빠도 했고 이제 동생도 하는데 저는 애인도 없잖아요.,그래서 혼자 슬픈 영화에 빠져들고 싶은 마음인 거군요.,2
"외로워 죽겠는데 집에서는 천덕꾸러기 취급이나 받고 있다고요. 내가 일부러 결혼을 안 하는 것도 아닌데, 정말 당황스러워요.",그래도 얼마나 일 잘하고 똑똑한 김 대리인데요. 아마 밖에서는 어머니가가 김 대리 칭찬을 하고 다니실 거예요. 회사에서 우수사원 자리를 놓치지 않는다고.,0
정말 엄마가 내 칭찬을 하고 다니실까요?,능력 좋고 예쁜데 착하기까지 한 둘째 딸이라고 입에 침이 마르게 하실 거예요.,0
내 앞에서는 잔소리만 해대던데 정말 그러셨으면 좋겠어요.,그렇게 잘난 딸이 결혼을 늦게 하니까 아쉬워서 그러시는 거지요. 괜히 그러지 말고 어머니 모시고 신나는 영화로 봐요.,1
그럼 오랜만에 그럴까요?,외로워하지 마요. 김 대리는 애인 못 만나는 게 아니라 안 만나는 거잖아요. 마음만 먹으면 곧 좋은 사람 나타날 거예요.,2
하… 나 진짜 회사 그만둘까.,"야, 갑자기 무슨 소리야? 무슨 일 있어?",0
"아니, 내가 저번에 나랑 친하게 지내던 우리 팀 과장님 퇴사했다고 했잖아.","응, 그랬지. 그 과장님이랑 잘 맞았었는데 이번에 좋은 데로 이직하셨다면서?",0
맞아. 그 과장님인데. 과장님 가시고 나서 지금 우리 팀 사람 없어서 팀장님한테 바로 보고하고 있단 말이야.,진짜? 팀장님한테 바로 업무 보고 올리면 너무 떨리겠다. 그래도 너 일 잘해서 과장님한테는 칭찬받고 그랬었잖아. 내 생각에 너 잘하고 있을 거 같은데?,2
응. 나 진짜 회사 다니고 있었던 거 거의 과장님 덕분이었는데. 사실 우리 과장님 갑자기 이직 결정하신 게 팀장이 내리 갈굼이 진짜 심해서였단 말이야.,"헉, 그럼 지금은 너한테 난리 치고 있겠네. 어떡해. 진짜 말만 들어도 머리 아프다.",2
하… 내 말이 그 말이야. 지금 나 업무 보고 올릴 때마다 관두고 싶어서 죽겠어. 아니 팀에 사람도 부족한데 관두라는 건지 진짜 사소한 것까지 트집 잡고 난리야.,"너희 팀장 진짜 너무하다. 그런 식으로 과장님까지 퇴사하게 했으면 뭔가 느끼는 게 있어야 되는 거 아니야? 진짜 너 어떡해, 말만 들어도 팀장 난리 치는 거 눈앞에 그려지는 듯….",2
그러니까. 방금도 주간 업무 보고 올렸다가 한 소리 들었어. 난 인수인계받은 거라 실수 안 하려고 딱 매뉴얼대로 했는데. 이전에 과장님이 하던 거랑 똑같이 따라 하면 어떡하냐고 양식을 새로 만들래.,"아니, 진짜 너희 팀장 왜 그러냐? 지금 사람도 없어서 일 쳐내는 것만으로도 대단한 건데. 무슨 양식을 새로 만드랴, 진짜 어이없어.",2
그렇지. 이거 내가 화나는 거 이상한 게 아니지?,"야, 정말 착한 사람도 그 팀장이랑 같이 일하면 하루 만에 혀를 내두를 거다. 너 그래도 사람 뽑을 때까지 그 난리 다 받아야 돼서 어떡하냐… 진짜 스트레스 엄청 받을 거 같아.",2
스트레스 가득이지… 그래도 네가 그렇게 말해주니까 좀 위로가 된다. 사람 다음 달쯤에 들어올 거 같은데 그때까지 버텨볼게.,응. 사람 뽑을 때까지 참다가 계속 그러면 진짜 한 소리해. 너희 팀장은 팀원 중요한 줄 모르나? 진짜 네가 고생이 많다….,1
"여보, 우리 아들은 도대체 왜 저러는 건지 너무 화가 나요. 아무리 방을 정리정돈 하라고 말을 하고 가르쳐도 잘 못해요. 다른 건 잘 하는 애가 왜 이러는 건지 정말 알 수가 없어요.",어릴 때부터 정리를 잘 못하던 아이잖아요. 그런 아이가 성인이 되어도 못 한다면 당신이 화가 날 수 있죠. 매일 그런 일을 겪는다면 많이 괴로울 것 같아요.,2
제가 강박이 있어서 정리정돈이 안 되어 있으면 견디기 힘든 건 당신도 알잖아요. 하지만 그걸 아이에게 강요하진 않아요. 최소한의 정리라도 하기를 바라는데 그거 조차 안 되니 내가 화가 나는 거예요.,사실 나도 그렇게 정리를 잘 하진 못했어요. 나중에 독립하고 내 집이 생기니 안 할 수 없어서 하다 보니 늘더라고요. 당신이 독립하기 전까지 조금만 이해해 주면 좋지 않을까요?,1
이런 건 기본이라고 생각하기 때문에 기본도 못하는 거 같아 내가 화가 나는 거예요. 독립을 할지 안 할지도 모르는 거고 결혼을 해서 나갈 수도 있는 거잖아요. 아내가 될 사람도 마찬가지지만 자기 일은 자기가 알아서 해야죠.,그런 생각으로 아들을 가르치고 있다니 무척 훌륭하다고 생각해요. 항상 앞서서 생각하는 당신을 내가 늘 본받아야 한다고 생각해요. 그런 마음에서 아들에게 정리정돈을 가르친다니 우리 아들은 결혼해서 사랑 받을 것 같네요.,2
요즘은 딸이든 아들이든 똑같잖아요. 같이 돈 벌고 같이 가사 일을 하는데 결혼하기 전에 집에서 가르쳐야 한다고 생각해요. 그게 가정 교육인 건데 도통 들을 생각을 안 하니 내가 화가 안 나겠냐고요.,답답하고 화나는 마음은 충분히 알겠어요. 하지만 아직 일어나지 않은 일을 위해서 아들에게 너무 강요하는 건 아닌지 걱정이 되요. 그런 일로 사이가 나빠지면 당신도 무척 마음이 아플거예요.,2
하지만 해야 할 얘기는 해야 하고 가르칠 일은 가르쳐야죠. 알아서 할 테니 내버려 두라고 하는데 어느 정도여야 내버려 두죠. 당신도 우리 아들 방 상태를 알잖아요.,"물론 심각한 수준이긴 하지만 그래도 성인이니 그 아이의 의견을 존중해 줘야 한다고 생각해요. 당신도 이제는 화나는 마음, 걱정하는 마음을 내려놓고 지켜봐야 하는 순간이 되기도 한 거 같고요. 마음을 조금 편하게 지켜보는 노력도 필요해요.",1
당신 얘기를 들으니 제가 너무 심했다는 생각이 조금 드네요. 아들이 성인인데 너무 품 안에 자식으로 대했나 봐요. 당신 덕에 화나던 마음이 조금 가라 앉았어요.,평소와 다르게 너무 화를 내서 걱정했어요. 마음이 조금 진정 된 거 같아서 다행이에요. 당장 화를 낸다고 해서 해결되는 문제는 아니니 우리가 조금 더 기다려줘야 할 것 같아요.,2
"네, 제가 너무 조급한 마음이었던 거 같아요. 뭐든 습관이 되려면 오래 걸리는 건데 말이에요. 아들에게 조금 미안해 지네요.",당신이 좋은 마음에서 그런 거니 너무 마음 쓰지 말아요. 아들도 분명히 이해 할 거예요. 당신이 우리 가족을 위해 그런다는 걸 우린 다 알아요.,2
약속 시간 맨날 늦는 친구가 오늘 또 핑계를 대면서 늦네. 진짜 더는 못 참겠어.,그래? 네가 지금 화가 많이 났겠다. 날씨도 더울 텐데 괜찮아?,2
그러니까. 짜증 나 죽겠어. 매번 이런 식이니 만나기도 싫어 이제는.,네가 그렇게 느끼는 게 당연해. 나라도 매번 늦는 사람에겐 좋은 감정이 들 수가 없더라.,2
나를 무시하는 거 아니야? 자기 시간만 소중하고 내 시간은 소중하지도 않다는 건가? 진짜 화나네.,"네가 친구에게 너무 실망하고 화난 마음은 이해하지만, 친구가 그렇게 생각해서 늦는 건 아닐 거야. 너무 감정 상하지 않았으면 좋겠어.",1
안 그러려고 해도 그게 잘 안되네. 나만 손해 보는 느낌이 너무 싫다.,오늘 만나면 진지하게 이야기를 해보는 건 어때? 네 감정을 솔직하게 털어놓으면 너도 감정이 해소가 되고 친구도 심각성을 느낄 것 같아.,1
그럴까? 그동안 항상 참아왔더니 정말 한계에 다다른 것 같아.,"응. 친구의 행동을 비난하라는 게 아니라, 있는 그대로 네가 느끼는 감정을 털어놓으면 좋을 것 같아. 친구 사이에 그런 감정의 교류는 정말 필요한 일이니까.",1
네 말이 맞아. 지금 네 말을 듣고 어떤 말을 할지 생각만 했는데도 이미 화가 많이 풀리고 차분해졌어. 그리고 친구랑 계속 잘 지내고 싶은데 어떻게 해야 할지 몰랐었거든.,그동안 화가 많이 쌓인 상태였을 텐데 그래도 친구와 좋은 감정으로 지내고 싶어 하는 마음이 멋지다. 너 정말 마음이 정말 넓구나.,2
"네가 조언해준 덕분에 나도 차분하게 친구와 잘 얘기해볼 수 있을 것 같아. 기분이 좋아졌어, 고마워.",네 마음이 좋아졌다니 다행이야. 친구랑 만나서 잘 얘기 나누고 즐겁게 보내고 오길 바라!,1
오늘 주식 시장 폭락 수준이 어마어마해요. 난 다행히 어제 주식을 거의 다 팔았어요. 얼마나 기분 좋은지 몰라요.,정말 잘했네요. 어떻게 폭락을 예감했어?,0
"아니, 그런 건 아니고 이익이 조금 났길래 욕심부리지 말자 싶어 판 거지요.",그러기가 쉽지 않은데 판단을 아주 잘했네요. 과유불급의 지혜를 발휘했어요.,2
오늘 가슴을 쓸어내렸다니까요. 어제 팔까 말까 많이 망설였거든요. 안 팔았으면 오늘 어땠을까 생각만 해도 아찔해요.,얼마나 다행한 일이에요. 힘들게 번 돈을 투자했는데 손실이 나면 너무 속상하잖아요.,2
사람 마음이 참 간사해서 이 정도 수익에서 팔아야겠다 마음먹어도 막상 예상 수익에 도달하면 더 큰 수익을 얻고 싶어지는 거예요. 내일이면 더 오를 것 같아 팔고 싶지 않아지고요.,그러기가 쉽지요. 주식 투자하다가 패가망신하는 거잖아요. 그런데 감정화자씨는 어떻게 잘 빠져나와 위기를 모면했어요?,0
요즘같이 변동성이 심한 상황에서는 욕심을 부리면 안 될 것 같더라고요. 나도 그전엔 욕심부리다가 손실 많이 보기도 했지요.,"참 대단해요. 우리 회사 동료들 주식에 투자하면 일희일비하면서 감정 기복이 심하던데, 감정화자씨만은 별로 안 그런 것 같더라고요. 요즘처럼 주식 시장이 안 좋을 때 수익도 내고요.",2
나도 마찬가지예요. 주식 투자를 시작한 걸 후회하기도 하고요. 그런데 경제 공부한다 생각하고 마음을 다독이며 투자하는 거예요.,감정화자씨가 욕심 안 내고 차분히 공부하는 자세로 투자하니 좋은 결과가 있는 거 같아요. 나도 배워야겠다는 생각이 드네요.,2
욕심 안 내서 폭락장을 피했다고 생각하니 마음이 편안하고 좋아요.,"수익 낸 것도 참 좋지만, 폭락으로 마음고생을 하지 않아도 되는 걸 더 축하해요.",2
"윤 대리님, 오늘 저 너무 슬퍼서 눈물이 다 나려고 해요.","매일 환하게 웃고 다니는 김 대리가가 그런 기분이라니, 별일이네요.",0
남편은 아이들 교육에 너무 무심해요. 나 혼자 애태우는 것 같아서 얼마나 눈물이 나는지 몰라요.,언제나 아이들 공부에도 열의를 보이셨잖아요. 교육비 때문이라 더 슬프겠어요.,2
며칠 전 큰애 영어 학원 추가로 등록하면서 돈 좀 달라고 했더니 남편이 없다고 하는 거예요. 일단 친정에서 백만 원 빌려 해결했지요.,결혼하고 나니 친정에 돈이야기 하기가 힘들었을 텐데 아이들 일이라 용기를 냈군요. 대단하네요.,2
그랬는데 아침에 세탁소에 남편 옷 맡기려고 주머니 확인하는데 현금 삼백만 원이 나오는 거예요.,정말 섭섭하고 황당했겠어요.,2
돈이 있다고 말했으면 친정에 아쉬운 소리를 안 했을 텐데요. 몰래 뒷주머니를 차고 있다니 속상해요.,혼자 속앓이 그만 하고 남편에게 물어봐요. 분명 사정이 있을 거예요. 사업에 필요한 돈일지도 모르고요.,1
"하긴, 생활비를 벌어보려고 밤낮 가리지 않고 일하는 사람이긴 해요.",감정화자씨가 애들 교육 잘하려고 애쓰는 잘 알 텐데 설마 딴 주머니 일 리가요.,0
그 돈을 보는 순간 얼마나 눈물이 나던지요.,보자마자 서글픈 건 당연해요. 하지만 아직 모르는 일이니까 퇴근하면 차분히 물어봐요.,1
"네, 겠어요. 내가 돈 때문에 어려운 상황이다 보니 남편을 이상한 사람으로 몰고간 것 같네요.",남편은 감정화자씨가 제일 잘 알잖아요. 분명 네게 미처 말하지 못한 상황이 있을 거예요.,0
"공감화자님, 지금 화가 나서 견딜 수가 없는 상태인데 제 이야기를 좀 들어주실 수 있나요.","감정화자님, 무슨 일이에요. 당연히 들어줄 수 있죠. 어떤 일 때문에 화가 나셨는지 말씀해 주셔도 돼요.",0
제가 오늘 저녁에 외출을 했거든요. 길을 가다가 남편 차를 봤는데 남편의 차 옆자리에 여자가 타고 있었어요. 제 남편이 외도를 하는 것 같아서 화를 참을 수 없어요.,누가 탔는지 보셨나요. 여자분이 아는 분이실 수도 있잖아요. 확실한 것은 아니니 오해일 수도 있지 않을까요.,0
얼굴은 자세히 못 보았지만 제가 모르는 사람이었어요. 저보다 어린여자였는데 외도를 하는 게 분명해요. 배신감에 분노가 치밀어 올라요.,낯선 여성이 조수석에 앉아 있어서 정말 화가 나셨겠어요. 저라도 그 장면을 보자마자 화가 머리끝까지 났을 것 같아요. 마음이 진정되지 않으시겠어요.,2
저는 처음에 제가 잘못 본 줄 알았어요. 머리가 긴 남성일 수도 있지 않을까 생각하며 두근거리는 마음에 계속 쳐다봤는데 여자였어요. 남편의 외도가 확실하다고 생각하는데 화가 나서 이혼을 하고 싶어요.,"잠시만요. 그래도 아직 남편에게 물어보기 전까지는 이혼을 생각하기에는 일러요. 혹시 아닐 수도 있으니 일단은 확신하지 않는 게 어때요. 감정화자님은 남편과 대화를 잘하고, 남편이 여자 문제로 속을 썩인 적이 없잖아요.",1
남편이 여자 문제로 저를 신경 쓰게 하는 일이 여태까지 없었긴 했어요. 혹시 다른 상황이 있을 수 있을까요. 분노를 일단 누그러뜨리고 남편에게 차분하게 말을 해봐야겠어요.,화가 나서 차분하게 말하는 게 쉽지 않으실 텐데 좋은 생각이에요. 갈등이나 오해가 있을 때 그 문제를 극복하면서 서로의 신뢰가 두터워지잖아요. 그리고 아는 지인과 같이 차를 탔다거나 다양한 상황은 많을 거예요.,2
지난 기간 동안 갈등을 해결해 오면서 그럴수록 관계가 더 두터워지긴 했어요. 생활을 하다 보면 이성과 차를 같이 탈 수도 있을 상황이 있을 텐데 생각을 못 했네요. 오해였으면 좋겠어요.,감정화자님이 잘못하신 게 아니고 누구라도 충분히 그런 생각이 들 수 있어요. 집에 가서 남편과 함께 이야기해 봐요. 여태까지 많은 갈등을 겪고 극복해왔으니 이번 상황에서도 오해를 잘 풀 수 있을 거예요.,1
"그렇다면 정말 좋을 것 같아요. 이게 정말 하나의 에피소드로 넘어갈 일이었으면 좋겠네요. 공감화자님, 제 이야기에 답해주셔서 감사해요.",언제든지 고민이 있거나 오늘 같은 일이 있을 때는 제게 연락해 주세요. 이런 일이 있을 때는 서로 힘이 되어 주는 게 당연하죠. 그럼 내일 회사에서 뵐게요.,1
"여보, 요즘 큰 애가 수능이 다가오면서 많이 예민했잖아. 그걸 다 받아주다가 결국 나도 오늘 터져버렸어. 살다 살다 이런 하극상이 있나 싶어서 정말 화가 나더라고.",큰 애가 요즘 많이 저기압이다 싶었는데 무슨 일이야. 당신에게 대들기라도 한 거야?,0
큰 시험을 앞둬서 힘든 마음을 잘 알아서 비위를 잘 맞춰줬었어. 그런데 오늘따라 나를 하인처럼 부리는 것 같아서 참다 참다 화를 냈어. 아침밥이 이게 뭐냐는 둥 마음대로 방 청소하지 말라는 둥 온갖 명령을 해대는데 어떻게 참겠어.,요새 큰 애를 잘 챙기는 모습을 보면서 당신이 참 고생이 많다고 생각했는데. 정작 많은 돌봄을 받는 딸이 엄마를 그런 식으로 대하다니 얼마나 화가 났겠어. 딸의 미래도 소중하지만 나한테는 당신의 마음도 소중해서 나도 딸의 태도가 이해되지 않네.,2
"애가 왜 이리 감정 기복이 심해진 건지 부모가 자식의 눈치를 보게 되는 게 맞나 싶어. 어떻게 엄마한테 그런 식으로 하대할 수가 있는지 너무 화가 나. 새벽에 일어나 수험생 뒷바라지하는 심정을 이해해 주는 건 바라지도 않지만, 최소한 신경질은 내지 말아야지.","당신이 항상 새벽부터 일어나 애들 뒷바라지와 내 뒷바라지까지 해주는 건 정말 고마울 뿐이야. 내가 일이 바빠서 함께 아이들을 제대로 못 챙겨서 정말 미안하네. 나라도 당신 어깨를 주물러 주며 피로를 풀어줘야 하는 건데, 그동안 당신이 아주 힘들었겠다.",2
당신은 가족들을 위해 열심히 일하니까 바깥에서도 힘들 거 아니야. 집 안에서는 내가 아이들을 잘 통솔해야 하는데 그게 안 되니 너무 화가 나. 내가 너무 오냐오냐하면서 잘못 키웠나 봐.,"당신은 아이를 정말 바르게 잘 키워낸 좋은 엄마야, 절대 오냐오냐 키우지 않았어. 아마 수능이 더 큰 압박으로 다가오면서 실수를 한 것 같아. 우리 딸은 그 힘들다는 사춘기도 무사히 넘어갔잖아, 그러니까 이번엔 우리가 너그러이 이해해 주는 건 어떨까.",1
수험생이라 이해해 주다가 끝나고 나서도 신경질적이면 어떡하지. 사회에 나가서 최소한 예의범절은 지킬 줄 알았으면 좋겠는데. 이렇게 내가 봐주다가 엇나갈 것 같아.,무조건 봐주라는 것이 아니야. 이번 일은 큰 애가 잘못한 일이 맞으니 일이 끝나고 내가 직접 대화해 보려고. 다만 당신의 그 노여운 마음을 조금 풀고 큰애의 입장에서 그때 상황을 이해해 보자는 거야.,1
당신이 그렇게 말해주니까 굳이 화난 마음을 붙잡고 있을 필요가 없는 것 같아. 큰 애도 나름대로 자기만의 상황이 있었을 텐데 생각해 보니 내가 너무 어른스럽지 못했네. 당신의 말을 듣고 화난 마음을 좀 가라앉혔어.,"아니야, 충분히 화가 날 수 있는 상황이 맞았어. 다만 우리 딸도 지금 엄마와 싸우고 많이 미안해하고 있을 테니 마음을 풀라는 거야. 우리 딸 아주 착한 애잖아, 집에 가서 함께 대화해 보자.",1
그래야겠어. 당신이 우리 아이들의 아빠라 참 다행이라는 생각이 들어. 난 참 감정적인 사람인데 이런 상황에서 이성적으로 판단하고 조언해 주니 너무 안정된다. 일도 바쁠 텐데 내 하소연을 들어줘서 고마워.,"당신이 힘들어하는데 당연히 들어 줘야지. 나도 당신같이 헌신적이고 다정한 사람이 내 아내라서 고마울 뿐이야. 오늘은 집에 빨리 들어갈 게 이따 봐, 사랑해.",2
내가 버스 탈 때마다 키 때문에 얼마나 불편한지 아니? 이것 때문에 받은 상처가 정말 어마어마해.,"아이고, 너 키 커서 부러웠는데. 그런 불편이 있는지 몰랐네. 늘 자리에 앉는다는 보장도 없고.",0
그러게 말이야. 손잡이 봉에 머리 부딪치는 일은 다반사야. 남들이 볼 때마다 상처받는단 말이야.,"그렇구나, 마음을 편하게 먹어. 난 무조건 키가 커서 좋은 줄 알았는데. 미처 생각을 못 했구나.",2
그럴 때마다 내가 바보가 된 느낌이 들어. 여기저기 머리를 박고 다니니 말이야.,그런 걸로 자신을 학대하지 마. 사람은 저마다 열등감을 느끼는 부분이 한두 가지씩 있지 않아.,1
그렇긴 하지만 서러운 건 사실이야. 어떨 때는 키 큰 사람을 배려하지 않는 사회에 대해서도 상처를 받아. 마치 소외된 외톨이 같아.,그렇게 확대해석할 필요가 있을까. 너 자신을 위해서 하나도 좋은 일이 없지. 스스로 마음을 키우면 상처를 덜 받지 않을까.,1
그런 희망이 기분 좋네. 그렇게 될 날을 위해 더 이상 상처를 만들지 않아야겠다.,그렇지. 이제부터는 불편한 것보다 키가 커서 자랑스러운 것만 생각해. 키 큰 너를 부러워하는 사람도 얼마나 많은지 알아? 장점을 굳이 단점으로 만들 필요는 없잖아.,1
내 키는 그대로잖아. 그런데 갑자기 생각에 따라 이렇게 좋기도 하고 나쁘기도 하네.,"그럼, 상처를 계속 안고 있을 이유가 없지. 우리는 더 큰 세상으로 나가야 하잖아. 마음을 키우면 상처를 더 이상 붙들고 있지 않게 되겠지.",2
"그래, 맞아. 네 덕분에 이제 용기가 생긴다. 더 이상 상처받지 않는 사람이 될 거야.",상처는 받는 사람이 만들어내는 것이라는 생각이야. 주는 사람의 의도성이 없다면 우리 이제부터 상처를 만들지 말자. 긍정적인 생각만 하도록 하자.,1
"고마워, 너와 이야기를 나누니 마음이 편해졌어. 키가 크든 작든 너무 외적인 것에 매달리지 않는 각오를 해야겠어.",이번 기회에 가치관이 바뀌는 것을 경험했어. 네 덕분에 나도 좋은 공부가 되었어.,2
"공감화자님, 저 자꾸 제 피부가 신경 쓰여서 당황스럽고 참 마음이 편치 않아요. 비타민 대신 귤을 많이 먹었더니 손이 노랗게 변해서 당황스러워요. 너무 확연하게 노란색이라서 남들이 이상하게 볼까 봐 자꾸 남의 시선을 의식하게 되네요.","감정화자님, 예상치 못하게 피부색이 뚜렷하게 변화하면 얼마나 당황스럽겠어요. 게다가 수많은 사람들을 만나야 하는 회사에서 그렇게 되었으니 당연히 남 시선이 신경 쓰이겠죠. 저라도 괜히 눈치가 보일 것 같아요.",2
얼마나 티가 많이 나는지 출근한 이후로 벌써 세 명이나 왜 그러냐고 물어봤어요. 그때마다 얼굴이 달아오르고 부끄러워서 혼났어요. 세 번이나 그런 일이 반복되니 자신감이 사라지고 위축이 되네요.,물어봤던 사람들도 악의를 갖고 있거나 감정화자님을 놀리는 게 아니었을 거예요. 정말 단순하게 왜 그런지 궁금했던 걸 거예요. 너무 위축될 필요 없다고 생각해요.,2
저도 그러기를 바라지만 너무 어린애 같은 실수잖아요. 그래서 참 부끄럽고 창피스러워요. 발이라면 감출 수 있는데 손이라서 숨길 수도 없어서 당황스럽네요.,저는 솔직히 이유를 듣게 되면 안 좋은 생각보다는 그저 귀여울 것 같아요. 다른 사람들도 그저 즐겁고 귀여운 에피소드 정도로 취급하고 넘어갈 것 같은데요. 너무 심각하게 고심하실 필요 없을 것 같아요.,2
제게 왜 그러냐고 물어보신 분도 처음에는 황달이냐고 걱정하시더니 귤 때문이라고 하니 웃으시더라고요. 그때는 너무 부끄러워서 비웃는 건가 싶었는데 지나고 보니 그냥 웃어넘기신 것 같아요.,이게 크게 비웃거나 놀릴 일도 아니라고 생각해요. 사소한 해프닝 정도니까 너무 과하게 고민하지 말아요. 다들 재미있게 생각하고 웃으면서 잊어버릴 거예요.,1
무엇보다도 황달 소리를 들으니 괜히 더 신경이 쓰이더라고요. 빨리 오늘 일과가 끝나고 퇴근해서 집에 가고 싶어요. 어디 문제 있는 사람처럼 보이나 싶으니 남의 시선이 엄청 신경 쓰이네요.,한 번 신경이 쓰이기 시작하면 정말 속수무책으로 신경이 쓰이는 것 같아요. 아무리 스스로 그만 신경 쓰자고 되뇌어도 할 수 없이 꺼림칙하게 되더라고요.,2
남이 뭐라고 하지 않더라도 괜히 혼자서 위축되고 부끄러워지는 마음인 것 같아요. 그렇지만 공감화자님께서 별일 아니라고 용기를 주신 덕에 한결 마음이 가벼워졌어요.,시간이 지나고 보면 오히려 웃으면서 먼저 꺼낼 수 있는 수준의 이야기라고 생각해요. 감정화자님을 안심시키기 위해 하는 말이 아니에요. 진심으로 그렇게 생각해서 하는 말이니 믿으셔도 돼요.,1
그리고 이런 일도 겪어봐야 다음부터 귤을 적당히 먹겠죠. 다 실수를 통해서 새로운 것을 배우는 과정인 거겠죠. 마음이 좀 정리가 되네요.,움츠러들었던 감정화자님의 마음이 펴진 것 같아서 저도 흐뭇하고 다행이에요.,2
오늘 소개팅도 실패한 것 같아. 역시 난 안 되려나 보다.,왜? 상대가 마음에 안 들었어?,0
외모도 내 스타일이고 이야기도 잘 통해서 좋았지. 이 사람이랑 꼭 잘 되었으면 좋겠다고 바라고 있었는걸.,네 까다로운 눈에 들기 쉽지 않은데 좋은 사람 만났나 보다. 그 정도면 걸릴 게 아무것도 없는데 왜 실패야.,0
끝마무리가 애매한 걸 보니까 그쪽에서 나를 별로 마음에 안 들어 하는 것 같아. 나 싫다는 사람 붙잡는다고 잡힐 것도 아니고 내가 마음 접고 포기하는 수밖에 없겠지.,왜 이렇게 기가 죽었어? 그쪽 반응이 별로였어도 네가 용기를 내보면 상황은 얼마든지 달라질 수 있으니 기운 내.,2
그냥 다음에 식사 한번해요 하고 끝이더라고. 내가 뭔가 실수라도 한 건가 생각하다 보니 우울하네.,그 정도 인사말은 다음을 기약한 건데 왜 그렇게 부정적으로 생각해.,0
아니야. 저건 진짜 날 또 보고 싶다는 뜻이 아니잖아. 그냥 인사치레로 헤어질 때 하는 말인걸. 마음에 들었는데 이렇게 되어버리다니 너무 속상하다.,넌 그걸 단순한 인사로 받아들이면 실망할 수 있지. 네가 이렇게 마음 아파하는 모습 보니까 나도 덩달아서 침울한 기분이네.,2
차후를 기약하려던 거면 정확한 날짜에 약속을 잡았을 텐데 이건 아니잖아. 잘 해보고 싶었는데 실패하다니 마음이 무겁다.,그래도 너와의 만남을 기대하는 마음이 조금이라도 있으니까 다음에 보자는 인사를 했을 거야. 그냥 조심히 들어가라고 해도 되는데 그런 인사말을 한 걸 보면 희망이 있으니까 너무 우울해하지 마.,1
그런 건가? 너무 나 좋을 대로 해석해 주는 거 아니야?,네가 정말 마음에 안 들었으면 일말의 여지도 주지 않았겠지. 그런데 다음을 기약했으니 그쪽도 널 긍정적으로 봤을걸? 그러니까 자신감 되찾고 기운 내.,1
이번 달에는 아예 SNS를 탈퇴할까 싶어. 처음에는 SNS에 시간을 많이 쓰는 게 문제인 줄 알았는데 아니었어. 그것보다 감정 소모가 너무 심한 것 같아.,맞아. 나도 스토리 올리고 누가 내 게시물을 봤는지 확인하는 게 일상이 되었어.,2
얼마 전에도 친구들이 나만 빼고 카페 투어를 다녀왔더라고. 그런 게시물을 볼 때마다 '좋아요'를 누르기는 하지만 너무 스트레스를 받아. 그걸 보는데 너무 슬프고 우울해서 잠이 안 왔어.,네가 없는 사진을 보니 친구들에게 섭섭한데 말은 하면 부담스러워할까 봐 얘기하지 못했구나. 의도치 않게 그런 감정을 느끼게 되니 정말 속상했겠다. 나랑 다음에 더 좋은 곳에 가서 놀다 오자.,2
"나랑 친하지 않은 사람들의 일상을 봐도 똑같아. 나는 맨날 똑같은 일상을 보내는 것 같은데 남들은 해외여행이니, 명품 쇼핑이니 자랑하잖아. 그런 걸 볼 때마다 내 일상만 초라한 것 같아서 너무 속상해.",무슨 얘기인지 너무 공감이 간다. 나도 친구들이 올리는 사진 보면서 그런 생각을 한 적이 있었어. 그래서 사람마다 각자 추구하는 삶이 다른 거라고 생각하니 좀 나아지더라.,2
매번 남들과 비교하지 말자고 다짐하면서도 인스타그램만 하면 자꾸만 위축돼. 무엇보다 친구들의 기쁜 소식을 보고도 마음껏 축하하지 못한다는 게 너무 우울해. 내가 너무 형편없는 사람인 것 같아서 슬프기도 하고 말이야.,네가 그렇게 생각하게 된 심정도 이해가 간다. 그렇지만 스스로 네 가치를 깎아내리지는 않았으면 좋겠어. 너는 존재만으로도 빛이 나는 사람이야.,1
인스타그램만 보면 내 일상은 너무 평범해서 마땅히 올릴 것도 없어. 나만 빼고 행복한 것 같아서 우울할 때가 너무 많아. 나도 나름대로 열심히 살고 있는데 말이야.,난 네가 열심히 하는 모습을 보면서 배울 점이 많다고 늘 느껴왔었어. 굳이 자랑하지 않아도 정말 근사한 삶인걸. SNS에 너무 몰입하지 말고 마음을 편히 가져.,1
네 얘기를 들으니까 내가 너무 남들과 비교하면서 시간을 보냈단 생각이 들어. 앞으로는 나 자신에게 좀더 집중해야겠단 생각이 들어. 오늘도 네 덕에 많은 걸 느끼고 배우게 되었어.,나도 네 말을 듣고 나를 돌아보는 시간이 될 수 있었는걸. 뜻깊은 대화를 나눈 것만 같아서 기분이 좋다. 그렇게 얘기해줘서 고마워.,2
너랑 얘기하면서 마음이 한결 가벼워졌어. 이제는 다른 사람과 나를 비교하지 않을래. 내 얘기를 들어줘서 정말 고마워!,앞으로 하는 일도 다 잘 되길 바랄게!,2
딸이 피씨방에 중독된 것 같다고 했던 거 기억나? 나한테 숨긴 채로 피씨방에 돈을 너무 많이 쓰길래 그걸 방지하기 위해서 용돈 기입장을 만들어줬어. 그런지 3개월이 다 되어가는데도 용돈 기입장을 채우기는커녕 여전히 게임에 돈을 과도하게 많이 써.,기억나지 그럼. 너가 딸이 게임에 중독돼서 피씨방에 용돈을 다 써버린다고 속상해했잖아. 용돈 기입장을 만들어줬음에도 불구하고 아직도 그대로라니 기분이 안 좋겠다. 좋지 않은 습관이 내내 고쳐지지 않아서 정말 답답하겠구나.,2
응. 그래서 어제 저녁에 딸을 불러서 이야기를 좀 나눴어. 피씨방에 쓰는 돈을 줄이고 용돈 기입장을 작성하라는 엄마의 말을 왜 이렇게 듣지 않냐고 혼냈어. 내 말을 듣지 않는 딸의 모습에 나도 모르게 화를 내버린 거야.,나였어도 답답한 마음에 화가 났을 것 같아. 딸이 평소에 너의 말을 잘 따르잖아. 그럼에도 불구하고 돈이라는 중요한 부분에 있어서 말을 듣지 않으니 그럴 수밖에.,2
응. 그런데 내가 딸에게 너무 심하게 화를 내버렸어. 그래서 미안한 마음에 딸의 기분 전환을 위해 봄옷을 사 입으라고 용돈을 줬어. 그런데 그 돈마저 피씨방에 가서 탕진하고 온 거 있지? 너무 화나.,정말이야? 딸의 기분을 생각해서 준 용돈을 또 피씨방에서 모두 써버렸다니. 너의 말을 정말 존중하지 않는 듯한 느낌을 받아서 정말 기분이 안 좋겠다. 내가 너였어도 그런 딸의 모습에 실망스러워서 정말 화가 많이 날 것 같아.,2
응. 나의 말을 아예 귀담아듣지 않는다는 느낌을 강하게 받았어. 너무 화가 나서 어떻게 해야 할지 모르겠어.,너가 딸을 생각해서 해준 일이 딸의 실망스러운 행동으로 돌아오다니 화날 만해. 딸을 위하는 네 마음이 잘 전달되지 않았다는 생각이 들어서 심란했겠다. 평소에 딸을 이해하기 위해 노력하는 너가 얼마나 실망했을지 생각하니 나도 마음이 안 좋다.,2
내가 뭘 더 어떻게 해야 할지 모르겠어.,"네 심정이 충분히 이해돼. 정말 화가 나겠지만, 먼저 딸의 속마음을 듣고 헤아리려고 노력하는 모습을 보여주면 딸도 마음을 열지 않을까? 딸도 일부러 너의 말을 안 들으려고 그런 게 아니라 분명 말 못한 이유가 있을 거야.",2
생각해보니 이 문제에 대해 딸과 진지한 대화를 나누어본 적이 없네. 엄마라는 이유로 강압적으로 못 하게 막으려고만 했던 것 같아. 네 말을 듣고 보니 딸과의 대화를 통해 해결할 수 있겠다는 생각에 마음이 많이 놓인다.,마음이 놓인다니 정말 다행이야. 너가 너그럽게 이해해주고 딸의 입장을 들어보면 안 풀릴 일도 긍정적으로 흘러갈 거야.,2
네 말이 맞아. 딸에게도 어떤 이유가 있었을 거라 생각하니 내가 혼자 판단하고 화낼 게 아니었다는 생각이 들어. 우리 딸과 이야기를 나누어보고 긍정적인 해결책을 찾을 수 있을 것 같은 좋은 예감이 드네. 조언해줘서 고마워.,이런 상황이 있으면 얼마든지 나한테 연락해도 된다는 거 알지? 딸과 대화가 잘 풀리기를 바래.,0
여름은 이래서 마음에 안 들어.,무슨 일 있었어?,0
오빠네도 어제 정전되었어?,우리 동네? 정전은 없었는데.,0
"더워서 에어컨을 켜고 자볼까 했는데, 얼마 안 돼서 여기 동네가 정전이 된 거야.",정말? 큰일이었네. 그럼 에어컨을 아예 못 켜잖아.,0
"얼마 안 되어서 다시 전력 복구가 되긴 했는데, 에어컨은 전원이 안 들어오더라고. 그래서 설명서를 계속 찾아봤는데, 해결 방법이 마땅치 않았어.",정전되면서 에어컨이 어딘가 고장이 났나 보다.,0
그래서 밤에 더위를 선풍기로만 버텼어. 결국 잠을 설쳐버렸지만.,제대로 못 잔 상황에서 출근하려니 아침에 기분이 안 좋았겠다. 수리는 어떻게 하기로 했어?,2
"연락은 됐는데, 언제 오실지는 모르겠대. 우리 동네에서 나와 마찬가지로 원인 모를 고장인 세대가 많다나 어쩐다나.",그래서 우리 감정화자가 아침부터 툴툴댔구나. 이럴 때는 시원한 데서 맛있는 음식을 먹으며 데이트해야 딱 좋은데. 간만에 데이트나 할까?,1
어? 오빠 회사에서 바쁜 일은 다 끝났어?,회사의 바쁜 일보다 우리 감정화자가 더 중요하지. 오늘치 업무 금방 끝나가니까 네 회사로 데리러 갈게. 혹시 가고 싶은 맛집 있으면 거기로 가도 돼.,0
"신난다! 그럼 오빠의 추천 맛집 먼저 가고, 식사 후에 내가 가고 싶은 카페 가자.",좋은 생각이야. 얼른 마치고 달려갈게.,0
"선배, 저 오늘 점심 같이 못 먹겠어요. 죄송하지만 먼저 가서 드세요.",이 시간만 되면 배고프다고 제일 일찍 튀어 나가는 애가 왜 그래? 어디 아프니?,0
아침에 팀장님한테 엄청 깨졌잖아요. 좀 짜증나서 속이 안 좋아요.,"야, 회사 생활을 하면 다 그렇게 깨지고 혼나고 그러는 거잖아. 하루 이틀 일도 아닌데 왜 그러냐. 뭔데 말해 봐.",2
지각했다고 불려갔는데 사실 오늘 저 평소보다 1시간 일찍 나왔거든요. 근데 터널에서 교통사고가 나서 차가 엄청 막혔단 말이에요. 그래서 늦었거든요.,"아, 그 터널 추돌사고 현장에 너도 있었던 거야? 아이고, 큰일날 뻔했네. 그래, 그래서 늦었으면 짜증날 법도 하다.",2
"모처럼 부지런 떨어서 일찍 나왔는데 그 탓에 사고 목격하고 교통체증 엄청 겪고 상사한테 깨지기까지 하니까 하, 짜증나서 원.","당연히 그렇겠지. 1시간이나 일찍 나오는 게 어디 쉬운 일이니. 하필이면 그런 일이 생겨서 그 꽉 막힌 팀장한테 질책까지 듣냐, 많이 속상하지?",2
아무리 설명을 해도 듣질 않잖아요. 정말 서러워서.,"그러니까 억울하면 출세를 하라는 말이 있는 거잖냐. 네 마음은 잘 알겠지만 그럴 수도 있는 일이라고 툭툭 털어버려. 끼니는 거르지 말아야지, 같이 가자.",1
"아, 진짜 속에서 울분이 가시질 않네요. 그냥 안 먹을래요.",네가 팀장 같은 인간한테 혼났다고 끼니까지 거르면 되겠어? 서럽고 화가 날수록 더 잘 먹어서 이겨내야지. 네가 잘못한 것도 없는데 왜 밥까지 굶어야 하니.,1
"하, 선배 말 듣고 보니 그것도 맞네요. 밥까지 굶을 필요는 없네요.",바로 그거야. 가서 밥 든든히 먹고 아침에 있었던 모든 일 싹 다 지워버려. 뭐 밟았다고 생각하고 더 좋은 일이 생기려고 액땜했다고 생각하자.,1
"알았어요, 선배. 마음이 많이 풀리네요.",약자들끼리 서로 돕고 사는 거 아니겠어. 네가 성실하게 일찍 출근한 거 내가 알아줄게. 고생했다.,2
나 계속 일 하기로 했어요.,뭐? 너 퇴사하기로 하지 않았어? 일이 많아서 체력적으로 많이 힘들었잖아.,0
그건 그랬지. 급여도 적었으니까. 돈만 많이 주면 참 좋겠다고 생각했거든.,설마 급여 조정에 성공한 거야?,0
"하하. 맞아. 오늘 퇴사 이야기를 했는데, 대표가 연봉을 더 많이 제시하더라고?","헐! 완전 대박인데? 솔직히 돈이 너무 짜다고 그만두는 거였잖아. 와, 좋겠다?",0
그러니까. 이렇게 나를 붙잡을 거라곤 생각도 못 했는데.,"네가 진짜 일을 잘하기는 했나보다. 하긴 네가 경력도 좋지, 성과도 좋지, 놓치기는 너무 아까운 인재잖냐.",2
하하. 처음부터 돈을 더 많이 줬더라면 훨씬 좋았을 텐데.,그러니까. 그러면 네가 오늘 퇴사 이야기를 꺼내지도 않았지. 툴툴거리면서 일 다니지 않아도 되고.,0
그래. 돈만 미리 더 챙겨줬더라도 요즈음 기분이 안 좋을 일은 없었는데.,"야, 그래도 이제라도 연봉을 팍 올려주니 얼마나 좋으냐? 이거 완전 한턱 쏠 기분이겠는 걸?",2
"그래. 기분이다, 나와라. 술 한잔 살게.",축하주 거하게 쏴야 한다? 금방 갈 테니까 딱 기다려.,1
"대리님, 저 고민이 생겼어요. 들어주실 수 있으세요?",당연하지요. 어떤 일이에요? 감정화자씨가 진지하게 말하니 걱정돼요.,2
저 오늘 애인과 첫 키스를 했어요.,그건 좋은 일인데 왜 고민이라고 말하는 건가요?,0
키스는 얼떨결에 해버려서 실감이 안 나요. 근데 아직 사귄 지 1주일밖에 안 돼서 그게 고민이에요. 너무 빠른 건 아아닐까요?,그건 고민될 만하지요. 사람에 따라서 일주일은 이르긴 해요. 심지어 첫 키스였잖아요.,2
맞아요. 더 걱정돼요. 역시 제 맘을 잘 아는군요.,충분히 혼란스러울 만해요. 근데 사실 저는 사귄 지 3일 만에 한 게 내 첫 키스라서 놀랍진 않네요.,2
대리님도 그랬어요? 고민은 없었어요?,"저는 그냥 자연스럽게 받아들였어요. 내 남자친구를 너무 좋아했고, 저의 선택이었으니까요. 감정화자씨도 그렇게 생각하면 어때요?",1
맞아요. 저도 사실 싫지 않았어요. 오히려 좋았는걸요.,진도가 빠르고 말고는 중요하지 않은 것 같아요. 온전히 본인의 선택으로 한 행동이면 괜찮아요.,2
대리님 말이 맞는 것 같아요. 스스로 괜찮다고 생각했으니 첫 키스에 대한 걱정은 이제 하지 않을래요.,잘 생각했어요. 이런 종류의 고민은 언제든 환영해요.,0
공감화자씨는 영양제 많이 드세요? 저는 꾸준히 비타민C랑 D를 챙겨먹고 있거든요. 그런데 이게 정말로 효과가 있는건지 맨날 돈만 버리는 것 같아서 화가 나요.,감정화자씨는 되게 열심히 드시지 않아요? 회사에서도 자주 봤던 것 같아서 눈이 갔어요. 그렇게 오랜 시간 먹었는데도 효과가 전혀 없나요?,0
"네, 저는 항상 잠을 잘 못자고 만성피로를 달고 살거든요. 그러다가 약국에서 추천받은 뒤로 먹게 됐는데 지금도 효과는 잘 모르겠어요. 아직도 일어날 때마다 개운하지 않고 늘 피곤하니까 화도 나고 짜증도 늘었어요.",저도 예전에 눈 밑이 심하게 떨려서 마그네슘을 먹었거든요. 면역력에 좋다고 해서 유산균도 챙겨먹었는데 효과가 느껴지지 않았어요. 나중에는 귀찮아지고 챙겨먹는 거 자체가 스트레스여서 분노하게 되더라고요.,2
"네, 저도 공감화자씨가 말한 영양제들 다 챙겨먹고 있어요. 그런데 하나도 변화가 없으니까 그냥 상술이 아닌가 싶어요. 저한테 비타민 판매하고 싶어서 엉뚱한 거 추천한 게 아닐까요?","글쎄요, 비타민이 활력을 준다는 건 누구나가 다 아는 사실이잖아요. 우리처럼 사무실에서 일하는 사람들은 아무래도 영양소가 더 부족할테니까요. 특히나 증상과 약에 대해서 잘 아시는 분이 단지 판매 목적으로 콕 찝어 추천하지는 않았을 거예요.",0
"하긴, 그러겠죠. 하지만 뭘 해도 나아지지 않으니까 이제 영양제에 쓰는 돈도 아까워요. 아니면 저만 이렇게 효과를 못 보는 건가 싶어서 분노도 느껴지고요. 혹시 제 건강에 다른 큰 문제가 있는 건 아닐까요?",그런데 감정화자씨는 건강에 신경을 많이 쓰는 편이잖아요. 지금도 이런 저런 증상들을 그대로 방치하지 않고 적극적으로 해결하려고 하고요. 비타민을 꾸준히 챙겨먹거나 규칙적으로 운동하는 걸 보면 같은 직장인으로써 존경스럽다니까요.,2
하지만 그런 것들이 다 무슨 소용이 있나요. 그렇게 남들보다 노력하는데도 저는 항상 피로하고 수면도 질이 나쁜걸요. 그러니까 제가 더 이런 상황에 화가 나는거예요,"물론 비타민 같은 영양소도 우리 몸에는 정말 중요하지만, 정신건강이라는 것도 무시할 수 없어요. 이참에 스트레스를 관리하는 방법을 고민해보면 어떨까요. 하루를 기분 좋게 잘 마무리지어야 그 다음날의 시작이 행복한 법이잖아요.",1
공감화자씨 말을 듣고 보니 그렇네요. 저는 항상 하루를 끝내면 고단한 마음 뿐이고 다음날을 또 걱정했어요. 비타민이 문제가 아니라 제 마음의 병이 더 먼저였는지도 모르겠어요.,"네, 마음이 괴롭지 않아야 몸도 따라서 건강한거니까요. 명상이라던지, 긍적적인 말을 한다던지 그런 방법들이 꽤 도움이 된대요. 지금도 효과가 없는 영양제에 스트레스만 받고 있잖아요.",1
"맞아요, 비타민 탓만 할게 아니라 제 마음의 상태를 좀 살펴야겠어요. 걱정이 가득한 채로 잠이 드니까 아침에 눈을 떠도 즐겁지 않은 것 같아요. 이래서 정신이 몸으로 드러난다고 하나봐요.",사실 저도 그게 잘 안 되니까 매일 노력해요. 그 전에는 제 부정적인 생각들 때문에 몸도 더 안 좋았거든요. 같이 좋은 말만 쓰고 긍적적으로 생각하기로 노력해요.,1
"누나, 나 요즘 스트레스받아서 머리가 아플 지경이야. 요즘 대학 축제 철이라 그런지 밤새 너무 시끄럽거든. 아무리 축제여도 동네 주민들은 생각도 안 하는지 정말 화가 나 죽겠어.",직장 근처에서 자취를 하게 되어 좋다고 생각했었는데. 대학가에 살아서 그런 고충이 있는 줄은 몰랐네. 매일 야근으로 지친 몸을 이끌고 올 텐데 소음이 심하다면 네가 얼마나 힘들겠어.,2
안 그래도 요즘 바빠서 업무로 인한 스트레스가 장난이 아니거든. 거기에다가 매일 공연 소음까지 접하니 감정적으로 욱하게 되더라고. 자기들만 사는 것도 아니면서 너무 배려심이 없는 것 같아서 화가 나.,참을성 있고 이해심있는 네 성격을 알아서 그동안 네가 얼마나 참다가 터졌을지 알 것 같네. 웬만한 것은 다 이해하는 네가 이정도로 화가 난거라면 다른 동네 주민들도 고통받고 있을텐데 말이야. 축제는 언제 끝나는 거래?,2
이틀 뒤면 끝나는데 매 학기마다 이럴 텐데 그때는 또 어떻게 버틸까 지긋지긋해. 소음의 강도가 어느 정도냐면 귀마개를 하고 있어도 건물이 울려서 그 진동이 느껴지는 정도야. 나도 대학생활을 해 봐서 신나게 노는 학생들 마음은 잘 알지만 이건 아니라고 생각해.,쿵쿵 울리는 소음이라니 말만 들어도 너무 괴로울 것 같아. 그런 와중에도 학생들의 놀고 싶은 심정까지 이해하려는 네 너그러운 마음이 존경스럽네. 나였으면 처음부터 참지 않고 화를 내고 왔을 텐데 말이야.,2
주민들은 다들 괴로워하는데 누구를 위한 축제인지 모르겠어. 날마다 잠을 못 자서 사람이 신경질적으로 변하는 것 같아. 회사에서도 날이 서 있는데 집에서 까지 스트레스를 받으니 두통도 끊이지 않더라고.,잠을 제대로 못 자니까 그럴 만도 해. 누나가 너희 집 근처를 마침 지나는 중인데 약이라도 사서 너한테 가야겠다. 네가 걱정돼서 오랜만에 내 동생 얼굴도 볼 겸 너의 속상한 마음을 위로해 줄게.,2
나를 챙겨주는 누나의 마음이 새삼 느껴져서 감동이네. 계속 혼자 이런 상황을 견디느라 신경이 곤두서 있었거든. 누나가 날 위해서 와주겠다는 말이 너무 위로가 되는 것 같아.,혼자서 많이 외롭고 힘들었을 텐데 누나가 자주 찾아가 보지도 못한게 미안할 뿐이지. 축제는 곧 끝날 테니 너무 노여워 하지 말고 마음 풀자. 그리고 그런 수준의 소음이라면 민원을 넣는 게 좋을 것 같아.,1
그래야겠어. 계속 버티고 있는 것만이 정답은 아닌 것 같네. 민원을 넣고 얼른 축제가 끝나길 기다려야겠다. 누나는 내일 일찍 일도 가야 하는데 너무 무리하는 건 아니야?,안 그래도 부모님이 네 걱정을 많이 하셨는데 누나로서 동생이 잘 지내는지 가보려고 했었어. 네가 힘들다는데 당연히 내가 가 봐야지. 너희 집에서 하루 자고 출근하면 되니까 걱정하지 마.,1
혼자 버티기 힘들었는데 의지할 가족이 온다니 왜 이렇게 마음이 편안해지는지 모르겠어. 누나 덕분에 화를 많이 가라앉혔어.,내가 도움이 되었다니 다행이야. 누나와 밤 산책을 하면서 힘들었던 점들을 털어 놓는다면 더 나아질 거야. 조금만 기다리고 있어.,2
어머니 이번에 저희 아들 장가들어요. 그런데 마냥 지원해 주지 못해서 속이 상하네요.,우리 손주가 결혼할 만큼 벌써 장성했나 보구나. 나도 할머니로서 뭐 하나 해준 게 없어 미안하네.,2
다른 부모들은 다 집 한 채씩 해서 장가보낸다는데 돈 보태줄 형편이 안 되네요. 남들 해주는 만큼 못 해주어 너무 괴롭고 마음에 상처가 돼요.,네가 아들을 무척이나 사랑하는 마음에 뭐든 다해주고픈 마음 충분히 이해한단다. 나도 너 어렸을 적 학원조차 제대로 못 보내주던데 내내 마음에 걸리더구나. 부모가 남들처럼 자식한테 못 해줄 때 가장 마음에 상처가 되곤 하지.,2
아들의 제일 기쁜 날에 뭔가를 해줄 수 없다는 게 마음이 쓰리네요. 이렇게 마음을 갈퀴로 헤집는 느낌을 받을지는 몰랐어요.,네 아들은 이미 네가 잘 키워준 것만으로도 충분히 감사하고 있을 거야. 아버지라는 존재만으로도 든든하게 여겨지고 마음의 버팀목이 될 때가 많단다. 그러니 너무 상처받지 않았으면 좋겠구나.,1
아들이 처가에 책잡히진 않을까 걱정도 되고 아무것도 못 하는 제 자신이 너무 나약하게 느껴져요. 부모님의 마음이 원래 다 이런 걸까요? 어머니도 절 키우면서 많이 상처받으셨을 것 같아요.,네 마음도 아플 와중에 내 마음까지 신경 쓰다니 너는 참 배려심 넘치는 아들이야. 그러니 너의 아들도 너처럼 마음 다정하고 강건하게 바르게 자라지 않았겠니. 물질적 지원은 모자라더라도 정서적 안정감이 넘치는 가정으로 키워낸 것만으로도 대단한 거란다.,2
어머님 말씀대로 분명 자식에게 재정적 지원은 미흡했지만 화목한 가정을 이루었던 것 맞는 것 같아요. 그 부분을 자랑스럽게 여기니 굳이 상처받지 않아도 될 것 같아요.,나도 크게 해준 것 없었는데 너도 이렇게 잘 자라주었잖니. 분명 우리 손자도 그랬을 거라 믿어 의심치 않아.,2
"해준 것 없다니 그게 무슨 말씀이에요. 당치도 않은 말씀이에요, 어머니. 바르게 키워주신 것 감사하게 생각하고 있어요.",나도 네가 가정을 행복하게 잘 꾸려나가고 손주 바르게 키워줘서 고맙게 생각한단다. 늘 너의 가정의 평안을 마음속 깊이 응원하고 있어.,2
어머니 덕분에 마음의 짐과 괴로움이 덜어졌어요. 앞으로 더 자주 연락드리도록 노력할게요.,언제든 연락하고 빠른 시일 내에 손주 예비 아내 될 사람과도 밥 한 끼 나누자꾸나. 너희들 얼굴이 보고 싶구나. 볼 그날까지 건강히 잘 지내고 있으렴.,1
"여보, 나 친구랑 영화관에 가서 영화 보고 온다고 했잖아. 그런데 영화를 보다가 너무 창피한 실수를 저질러서 당황스러웠어.","당신 몹시 당황했나 보네. 우선 좀 진정하고, 어떤 일이 있었는지 물어봐도 될까?",0
영화를 보다가 놀라서 옆 사람에게 나초을 엎어 버렸어. 지금 생각해도 얼굴이 빨갛게 달아올라. 창피해서 어쩔 줄 모르겠어.,"저런, 당신 정말 많이 놀랐겠어. 주변에 사람들 보기에 부끄럽기도 할 테고. 지금은 좀 괜찮아?",2
"아니, 너무 부끄러워서 얼굴을 들 수가 없었어. 얼굴뿐 아니라 귀까지 빨개졌어. 지금도 놀라서 심장이 두근대는 것 같아.",낯선 사람에게 그런 실수를 했으니 당황스러울 만도 하지. 나라도 부끄러웠을 거야.,2
미안하기도 하고 창피하기도 해서 혼났어. 식은땀이 계속 등을 타고 줄줄 흐르더라고. 그 이후부터는 너무 당황해서 영화 줄거리도 기억나지 않아.,당신 정말 속상했겠다. 그 영화 정말 보고 싶다고 했었잖아. 보고 싶은 영화도 제대로 못 보고 그런 일까지 일어났다니 안쓰러운 마음마저 드네.,2
쥐구멍에라도 들어가고 싶은 심정이었어. 옆 사람에게 기어들어 가는 목소리로 미안하다고 사과하기는 했거든. 진심으로 받아들였을까 싶기도 하고 더 이상 어떻게 해야 할지도 모르겠고.,당신 아주 많이 힘들었겠어. 난처한 상황이니 어쩔 줄도 몰랐을 거고. 그래도 지난 일이고 다 해결됐으니 마음을 좀 편하게 먹어 보는 게 좋겠어.,1
그래야겠어. 하지만 지금 생각해도 답답하기만 하고. 내 자신이 그런 실수를 하다니 한심하게 느껴지기도 해.,"사람이면 누구나 크고 작은 실수를 하는 법이잖아. 지나간 일을 계속 곱씹으면 당신 마음만 계속 힘들어져. 지나간 일이고 잘 해결 되었으니, 다음에는 그런 실수 하지 않도록 주의하면 될 거야.",1
"부끄러운 마음뿐이었는데, 당신 말을 들으니 위로가 되네. 당신 덕분에 마음이 한결 가벼워진 것 같아.",당신 마음이 좋아졌다니 나도 기뻐. 힘든 일이 있으면 나에게 얼른 말해줘. 힘든 일은 함께 나눠야지.,2
진심으로 고마워. 영화도 다 봤고 저녁도 먹었어. 곧 집으로 들어갈게.,"그래, 괜찮아져서 다행이다. 집에서 보자!",2
지난 주말에 친구랑 당황스러운 일이 있었어요.,왜? 무슨 일 있었는데요? 결혼 준비하느라고 바쁘지 않으셨어요?,0
네. 결혼 준비로 축가를 친한 친구에게 부탁했는데 거절당해서 좀 당황스러워요. 계획이 틀어져서 머릿속이 복잡해졌어요.,무슨 이유가 있을 것 같은데. 친한 친구의 그런 중요한 자리의 부탁이라면 오히려 좋아해야 하는 거 아닌가요.,0
맞아요. 사실 친구가 노래를 잘하는 편이 아니라면서 부담스럽다고 거절했어요. 친구를 해 줄 거라 믿었기에 계획이 틀어져서 너무 혼란스러워요.,생각했던 계획이 틀어져서 많이 당황하셨군요. 생각했던 거와는 다른 대답에 혼란스러울 만해요.,2
맞아요. 제가 너무 과신했었나 봐요. 머릿속이 복잡해졌어요. 그래도 나름대로 계획성 있는 성격이라고 믿고 있었는데 계획이 다 틀어져서 머릿속이 깜깜해지더라고요.,왜 안 그러겠어요. 저라도 그 상황이라면 아주 당황스럽고 혼란스러울 거예요. 하지만 자신의 계획성 있는 장점을 의심하지 말았으면 해요.,1
그렇지만 그 친구 말고는 축가를 부탁할 사람을 못 찾겠는걸요? 아직도 어안이 벙벙해요. 이게 맞나 싶고.,노래를 불러주고 싶은 친구들이 많아도 부담감 때문에 못 해줄 수 있다고 생각해요. 하지만 업체도 잘 찾아보면 노래 실력이 좋은 분들이 많을 것 같아요. 다양한 방법이 있을 거예요!,2
그런가? 확실히 업체는 실력이 남다르기는 하더라고. 베테랑인 사람들만 있어서 그런가.,경험이 많은 업체라면 그러지 않을까요? 제가 보기에 당신의 장점은 꼼꼼하고 계획성이 있다는 거예요. 그러니까 그만 혼란스러워하고 힘내세요!,1
그렇게 말해줘서 고맙네요. 계획이 틀어지면 다시 계획을 꼼꼼히 짜면 되지.,좋아요. 그런 긍정적인 면이 훌륭해요! 보기 좋아요.,2
자기야 오늘 아침에 오랜만에 엄마랑 정육점 가서 한우 사왔어. 저녁에 가족들이랑 같이 고기 먹을 생각에 너무 기뻐.,오랜만에 가족들과 맛있는 음식 먹는다니 기쁘겠네.,2
본가에 와서 부모님 얼굴 만나서 옛날 어렸을 적 이야기하니 정말 행복하네.,보고 싶었던 가족들 만나서 정말 행복하고 기쁜 시간 보내고 있을 것 같아. 부모님이랑 함께 좋은 시간 보내고 있는 것 같아서 나도 덩달아 기분이 좋아지는 것 같네. ,2
아빠가 고기를 굽는다고 했는데 내가 그동안 자취하며 키운 실력으로 부모님께 음식 해드리고 싶더라고. 솜씨가 아주 좋은 건 아니지만 내가 요리한다고 하니 부모님께서 무척 좋아하시네.,"부모님께서 자기가 대견스러우시겠다. 게다가 자기는 요리도 잘하잖아, 난 자기의 요리는 뭐든 맛있더라.",2
정말 듣기 좋은 말이네. 자취방에서 고기 구워 먹고 싶었는데 방에서 냄새가 잘 안 빠져서 못 먹고 있었거든. 오늘 원 없이 먹을 거야.,올라와서 또 열심히 일하려면 든든하게 먹고 와야지. 자기가 기뻐하니까 난 이미 한우를 먹은 것처럼 행복하네.,1
그렇게 말해줘서 정말 고마워. 자기 덕분에 더 힘이 나는 것 같아. 다행히도 가족들이 한우를 모두 좋아해서 더 기대가 되는 중이야.,사랑하는 사람들과 먹고 싶었던 음식 먹는 거 정말 행복한 일인 것 같아. 자기 문자로도 기쁨과 행복이 모두 느껴지는 것 같아.,2
맞아 나 정말 기대돼! 맛있게 구워서 먹어야지! 다음엔 자기도 해줄게.,그래 나도 기대하고 있을게! 가족들하고 즐거운 시간 보내고 올라와.,1
"응, 정말 많이 보고싶어. 올라가자마자 연락할게.","그래, 오늘은 누구보다 행복하고 기쁜 하루 보내길 바라.",2
공감화자씨 지금 시간 좀 괜찮아요? 나 우리 딸들 때문에 마음에 너무나 큰 상처를 받았어요. 왜 이런 건 나를 쏙 빼닮은 건지 마음이 안 좋네요.,"대리님, 집에 무슨 안 좋은 일이라도 있으세요? 기분이 너무 안 좋은 거 같아서 제가 다 걱정이 되네요. 저 지금 시간 괜찮으니까 말씀하세요.",1
"우리 딸 둘이 전부 이혼해서 집으로 돌아왔어요. 그 모습들을 보는데 얼마나 가슴속에 상처로 되돌아왔는지 몰라요. 나도 이혼하고 딸 둘을 혼자 키운 거잖아요, 그런 상처가 떠오르면서 마음이 안 좋더라고요.","그런 생각을 하셨구나, 정말 마음이 안 좋으셨겠어요. 글에서도 대리님의 상처 입은 마음이 느껴져서 괜히 제가 다 마음이 아프네요. 어떤 심정으로 자녀분들을 바라보셨을지 너무나 이해가 될 거 같네요.",2
요즘 이혼은 흠이 아니라지만 그래도 아직 보는 시선들이 곱지 못하잖아요. 엄마를 닮아 딸들까지 그런다고 사람들이 수군대는 소리에 더 상처를 입었네요. 이 상처를 받은 마음을 애써 숨기고 있는데 딸들에게까지 느껴질까 걱정이 되네요.,이렇게 상처받고 힘드신 와중에 자녀분들 생각하시는 그 마음은 정말 대단하신 거 같아요. 저였으면 상처받고 화가 나는 마음에 뭐라고 잔소리하면서 내쫓았을 거 같아요. 정말 엄마는 위대하다는 말이 대리님을 두고 하는 말인 거 같네요.,2
그냥 나의 불운을 물려준 거 같은 미안한 마음이 들어서 그랬는지도 모르죠. 이 상처가 어서 아물어서 세 모녀가 행복하게 살아야 하는데 그럴 수 있을지 자신도 없네요. 가슴속 깊은 곳에 상처가 꽉 박혀있어서 쉽게 이겨낼 수 있을지 모르겠어요.,상처를 입은 마음이 클수록 이겨내기 쉽지 않은 건 이해합니다. 하지만 너무 부정적으로 생각하면서 더 큰 상처를 만들지는 않으셨으면 좋겠어요. 이럴 때일수록 마음을 굳게 가지시고 이겨낼 수 있다고 되뇌면서 노력한다면 나아질 거라 믿어요.,1
하지만 상처를 너무나도 크게 입어서 아무런 의욕도 들지 않고 노력하고 싶은 마음도 안 서네요. 이 상처로 인해 일의 능률도 떨어지고 모든 것이 재미가 없어요. 이런데도 내가 이 상처를 딛고 일어서서 예전의 행복했던 시절로 돌아갈 수 있을까요?,그럼요! 당연한 말씀이시죠. 대리님은 의지가 강하고 끈기가 있으신 분이잖아요. 조금 더 기운을 내셔서 용기를 가지신다면 반드시 이겨내실 수 있을 거예요. 대리님이 힘을 내셔야 자녀분들도 마음이 조금은 더 편할 거 같아요.,2
이렇게라도 나에게 힘이 되는 말들을 해주니 조금은 마음이 놓이는 기분이네요. 공감화자씨의 말처럼 기운을 차려서 언제 그랬냐는 듯 빨리 이겨내야겠다는 굳은 결심을 했어요. 이렇게 나를 이해해 주는 사람이 처음이었는데 정말 고맙네요.,"별말씀을요, 그렇게 말씀하시니 오히려 제가 더 감사하죠. 그런 의지를 가진 것만으로도 이미 반은 이겨내신 거나 다름없어요. 항상 포기하지 마시고 그런 마음만으로 어떤 일이든 금방 이겨내실 수 있을 거예요.",2
딸 둘이 전부 이혼해서 집으로 돌아와서 너무나 큰 상처를 받았어요. 심란하고 답답한 마음에 어쩌다 보니 공감화자씨한테 하소연하게 됐는데 그러길 잘한 거 같네요. 마음이 정말 많이 후련해졌고 생각도 못 한 위로까지 받아서 너무나 든든해졌어요.,언제든 마음이 답답하시거나 고민 상담할 사람이 없으시면 저한테 말씀하세요. 마음도 힘든 일을 겪었는데 말할 사람이 없어 혼자 이겨내려면 더 힘들고 이겨내기도 어려우실 거예요. 저는 늘 얘기를 들어드릴 준비가 되어 있으니 편하게 말씀만 하세요.,1
자기야 나 몸무게를 쟀는데 한 달 동안 10킬로가 늘었어. 어떻게 이럴 수 있나 너무 놀란 거 있지. 당황스러워서 아무 말이 안 나와.,자기가 극심한 체중 변화를 겪어서 많이 당황했겠어. 얼마나 막막할지 이해 돼. 약 때문에 체중이 불어나는 거니까 어쩔 방법이 없는 기분일거야.,2
평소보다 많이 먹은 것도 아닌데 이만큼이나 늘었다는 사실에 굉장히 놀랐어. 그렇다고 약을 끊을 수도 없으니 정말 어찌할 줄 모르겠어. 이러지도 저러지도 못하는 처지야.,내 말이 바로 그 말이야. 먹어서 찐거면 방법이라도 있는데 약 때문이니 어떻게 하면 좋겠어. 당황했을 자기를 생각하니 너무 안쓰럽다.,2
성인이 돼서는 10년 동안에도 10킬로를 쪄본 적이 없는데 한 달 만에 이런 일이 생기다니. 나한테도 이런 일이 생길 수 있다는 게 너무 당황스러워. 믿기지가 않고 이럴 땐 어떻게 해야 할지도 모르겠어.,병원에서 체중 변화가 있을 수 있지만 차츰 되돌아간다고 했다며. 초반이라서 급격히 변화했다가 서서히 적응되면 금방 다시 제자리를 찾을 거야. 너무 당황하지 말고 마음 편히 가져.,1
주의사항을 들었지만 막상 실제 상황이 되니까 어쩔 줄을 모르겠어. 당황해서 그런지 TV에서 봤던 고도비만 사례들이 계속 머릿속에 떠올라.,그런 사례랑 자기는 다른 상황이니까 연관 짓지 마. 우리는 처음 겪는 일이라 당황했지만 병원에서는 흔히 일어나는거니 놀라지 말라고 미리 말해준 걸거야. 그 말대로 좀 지나면 좋아질테니 안심해.,1
밥을 먹으면 더 살찌는 건 아닌지 모르겠으니 더 당황스러운 상황이야. 차라리 굶어야 할까 싶다가도 약 먹으려면 밥을 먹어야 하잖아. 어찌하면 좋을지 몰라서 고민 중이야.,당연히 끼니 잘 챙겨 먹어야지. 그래야 빨리 이겨내고 몸도 회복할 힘을 얻지. 분명히 곧 좋아질거니까 마음 편하게 가지고 좀 지켜보자.,1
자기가 그렇게 위로해주니 조금 안심이 됐어. 내 몸이 알아서 잘 회복하리라 믿어. 나는 그렇게 살찐 적이 없으니까 몸이 제자리 찾아가겠지.,꼭 그렇게 될테니 기운 내. 좋은 생각이 좋은 상황을 불러 올거야. 나도 그렇게 되길 바라고 있을게.,1
내일 자고 일어나면 조금 빠져 있으면 좋겠어. 부기라도 빠지게 스트레칭 좀 하고 자야겠어.,많이 움직여주면 아무래도 도움될 것 같아. 하루하루 몸무게 재면서 너무 스트레스받이지는 말고 느긋하게 생각하자.,0
"자기야, 미팅하기로 한 작가님이 차가 막혀서 많이 늦는다고 하시네. 카페에 혼자 앉아 있는데 그냥 이 작업은 없던 걸로 하고 일어날까 봐. 더는 이런 문제로 상처받고 싶지 않거든.",자기 마음이 벌써부터 지친 것 같아 나도 마음이 아프다. 도로 사정이 그렇다니 어쩔 수 없으신가 봐.,2
사정이야 어떻든 시간 약속을 안 지키는 사람은 이해할 수 없어. 예전에 비슷한 일로 친구와 연락을 끊은 적이 있거든. 약속 시간에 늦어서 역에서 한참을 기다렸는데 친구 혼자만 기차를 타서 크게 상처받았었어.,그런 사연이 있는 줄은 몰랐어. 여태 시간 약속에 민감했던 이유가 그때의 상처 때문이었구나. 정작 친구만 기차를 타고 가다니 남겨진 마음이 참 괴로웠겠다.,2
나도 기차에 타고 있는 줄 알았다고 하더라고. 꿈에 그리던 영화제에 가는 날이었는데 기차도 놓치고 기분이 상해서 그대로 집에 갔었어. 그때 버려진 기억이 너무 오래 남아 있어서 다시는 같은 일을 겪고 싶지 않아.,말만 들어도 안타까운 일이다. 다시는 상처받고 싶지 않은 자기 마음도 너무 이해해. 하지만 그런 방어 때문에 자기에게 오는 귀한 순간들까지 놓칠까 봐 염려도 된다.,2
사실은 나도 그래. 어떤 판단이 옳은지는 잘 모르면서 일단 상처받을 것 같은 모든 일들은 피하고만 있네.,"이런 말이 가혹하게 들릴지 몰라도 상처받을 각오로 사람을, 세상을 더 믿어봐도 괜찮아 자기야. 부딪히지 않고서는 이게 내게 필요한지, 아닌지 모르는 일들도 있잖아. 자기는 생각보다 강인한 사람이야, 조금 더 용기를 내도 돼.",1
나도 그러고 싶은데 그때 잃은 친구가 내게 너무 소중한 사람이었나 봐. 내가 내린 결정에 가슴이 아파서 밥도 한동안은 잘 못 먹었어. 어쩌면 누군가를 기다리는 일보다 그 때문에 사람을 잃는 게 더 무섭나 봐.,"착한 자기가 그간 혼자서 고민하고 애태웠을지 느껴져 내 마음이 짠하다. 어떤 이유로든 친구를 잃은 경험은 누구나 겪어봤을 거야. 그럼에도 세계는 무너지지 않고, 나는 회복될 여지가 있다는 걸 믿으면 마음이 나을 거야.",2
혼자만 겪는 일이 아니라고 생각하니까 그나마 위안이 된다. 자기 말처럼 내 세계는 여전히 흘러가고 있는데 뭐 하러 혼자만 과거 머물러 있나 싶기도 하고.,"두려움이 들 수 있지. 하지만 시련도 겪으면서 자기가 더 성장하는 거라 믿어. 겁내지 말고 조금 더 열린 마음으로, 내가 손해봐도 괜찮다는 마음으로 살아도 괜찮아.",1
"자기 말을 듣고 보니까 작가님이 조금 늦었다고 이 일을 포기하면 후회할 거 같아. 맞아, 손해 좀 봐도 괜찮아. 이렇게 기다리는 일도 있는 거지 뭐.",자기 마음이 편안한 것보다 더 중요한 일은 없을 거야. 어떻게든 마음을 다잡고 기운 내길 바라. 이번 일도 결국 훌륭한 작업물로 보람이 되어 돌아올 거야.,2
"공감화자야, 나 보증금이 없어서 아는 언니 집에서 얹혀살게 됐어.",결국 보증금을 못 구했구나. 마음이 무겁겠어.,2
"응, 모아둔 돈이 없고 대출도 안 나와서 집을 구하기 어렵더라고. 너도 알다시피 내가 할머니, 할아버지랑 사니까 그분들께 돈을 달라고 할 수가 없더라고.","정말 그랬겠다. 아무래도 할머니, 할아버지께서 일을 안 하시니까 손 벌리기가 어렵지. 네 마음이 오죽할까 싶네.",2
"내가 스스로 내 앞길을 만들어가면서 살아야 하는 신세가 착잡하고, 내 미래가 불투명해서 불안하네. 앞으로도 이렇게 계속 힘들게 사는 건 아닌지 모르겠어.",네가 의지할 곳이 하나도 없으니까 힘들었을 거야. 갑자기 혼자서 살아내야 하니까 얼마나 힘들고 불안할까? 누구라도 너처럼 혼자서 헤쳐 나가려면 너무 막막하고 불안할 거야.,2
"다른 애들은 자취방 얻어서 공부에만 전념한다는데 나는 등록금도 내가 벌어야 하잖아. 월세도 내가 준비해야 하고 그런 현실이 갑갑하고 불안해. 괜히 욕심을 부려서 멀리까지 대학을 온 건 아닌가 싶고, 앞으로 어떻게 해야 하나 조마조마해.","괜한 욕심이라니, 그렇게 말하니까 듣는 내 가슴이 너무 아프고 찢어지는 것 같아. 어려운 환경에서 그렇게 열심히 공부해서 네가 해낸 거니까 그런 생각하지 않았으면 해. 네가 쉽게 결정한 게 아니고 엄청난 노력을 하고 심사숙고해서 결정한 거잖아.",1
"그렇게 말해줘서 고마워. 가난의 굴레가 나를 덮쳐와서 불안하고, 그 불안 때문에 잠까지 설쳐. 할머니, 할아버지께 잘 해드리고 싶은데 그런 날이 올지 모르겠어.",잠까지 설친다니 얼마나 힘들고 괴로웠으면 그랬을까? 지금은 대학생이라서 어쩔 수 없는 부분도 있으니까 너무 속상해하지 마. 네 잘못이 아니야.,1
"내 잘못이 아니라는 말이 참 고맙긴 한데, 가난을 벗어날 수 없을 것 같아서 불안해. 나에게도 희망찬 미래가 있기는 할까?","물론이지. 너는 마음 먹은 일은 꼭 해내려고 노력하는 성실한 사람이고, 이제 겨우 시작인걸? 나는 네 능력과 착실함을 믿어. 너는 분명히 대학 생활도 잘할 거고, 취직도 보란 듯이 해내서 가난에서 벗어날 거야.",2
그렇게 말해줘서 고마워. 우선은 틈틈이 아르바이트하면서 보증금부터 마련해 봐야겠어. 네가 응원해주니까 힘이 난다.,"너무 불안해하거나 주눅 들지 말고, 너 자신을 믿어 봐. 넌 할 수 있어. 내 친구 힘내!",1
나 이 속도로 작업하다간 저녁도 굶을 것 같아. 며칠째 집중도 제대로 못 하고 이러고 있네. 밥도 제대로 못 챙겨 먹고 있는 게 조금 서러워.,연말마다 일이 너무 바빠서 큰일이다. 올해도 일이 많이 몰리는 바람에 피곤하고 지쳐서 그런 거지?,0
"응, 직업 특성상 연말·연초에 외주가 많이 몰리잖아. 이 시기엔 평소보다 일이 많고 피곤해져서 능률이 계속 떨어지나 봐.",점심도 바빠서 대충 때웠다고 하지 않았어? 매일 밥도 제대로 못 챙겨 먹고 일하다가 영양실조가 오진 않을까 걱정돼. 오늘 해야 할 일이 많이 남은 거야?,2
계획해둔 대로 마쳐야 모든 스케줄을 소화할 수 있어. 그러려면 저녁을 건너뛰어야 할 수도 있을 것 같아서 슬프네.,"자기가 슬픈 것도 이해가 가. 다 먹고살자고 하는 짓인데, 일에 치여서 끼니도 제대로 못 챙기잖아. 한국인은 밥심이라는 말도 있을 만큼 일에 있어서 밥이 얼마나 중요한데.",2
자기 말처럼 어느 순간 주객전도가 된 것 같아서 슬퍼. 이런 생각이 드니까 슬퍼져서 능률이 더 떨어지는 것 같기도 하네.,"일에 파묻혀 살다 보면 그런 감정을 느끼는 게 당연해. 그래도 자기에게 일이 쏟아진 이 상황을 돌이켜 봐봐. 자기가 그만큼 뛰어난 프리랜서라는 걸 반증하고 있잖아, 대단한 사람이라는 거지.",2
"그 말도 맞지만, 밥도 못 먹고 일에 집중하려니까 자꾸 잡생각이 나는 것 같아. 굶으면서 일해야한다는 슬픔이 오히려 악순환을 만드는 걸까? 이젠 이 많은 일들을 내가 감당할 수 있을지조차 의심이 돼.","심적으로도 체력적으로도 지치고 슬퍼서 부정적인 생각이 들 수 있어. 하지만 그런 이유로 자기의 실력과 자질에 대해서 의심하지는 마. 자기는 단한순간도 허투루 일한 적 없었고, 늘 멋진 결과물을 만들어냈잖아.",1
"그래, 자기 말을 들으니까 눈이 번쩍 뜨인다. 밥도 제대로 안 챙겨 먹고 몽롱한 상태에서 일하다 보니 자기 연민이 비하로 이어졌나 봐. 이렇게 우울해할 시간에 밥이라도 한술 더 떠서 힘을 내야겠어.","좋은 생각이야, 완벽하게 잘 해내고 싶다는 생각에 부담스러웠던 걸 수도 있어. 밥 먹고 한숨 돌리다 보면 마음에도 다시 여유가 생길 거야. 자기는 할 수 있어.",1
나보다도 나를 믿어주려고 해서 고마워. 매번 자기 덕에 다시 힘을 내서 일하는 것 같네.,스스로가 의심되고 지치면 언제든지 연락해 줘. 그럴 때마다 자기가 얼마나 대단한 사람인지 일깨워 줄게. 끼니 거르지 말고 잘 챙겨 먹으라는 잔소리는 덤이야.,1
"대리님, 10년 전에 제게 돈 빌려서 잠수 타버린 동창 이야기했던 거 기억하세요? 그 동료가 최근에 모습을 드러낸 거 있죠?",드디어 10년 만에 빌려줬던 돈을 받은 거예요?,0
그랬으면 얼마나 좋을까요. 모르는척하고 뻔뻔하게 나한테 아무 말도 없이 그냥 돌아다니더라요. 너무 화가 나요.,감정화자씨가 얼마나 오래 기다려줬는데 그렇게 나오다니 갑갑하겠어요. 나였어도 길에서 마주칠 때마다 생각나서 속이 끓을 것 같아요. 괜히 다시 나타나서 감정화자씨가 고생이네요.,2
"그러니까 말이에요. 도망갔으면 그냥 다른데 정착해서 살던가, 돌아왔으면 돈을 갚든가 해야지요. 아무것도 안 하고 저게 도대체 뭐 하자는 거예요.",근처로 돌아왔다니 생각지도 못하게 스트레스 받을 일이 생긴 거네요. 아직 돈 갚으라고 이야기는 안 해본 거지요?,2
말한다고 통할 상대가 아닌 것 같아서 이야기 안 했어요. 오래된 동료인데 마지막 남은 일말의 정까지 다 떨어져 버릴까 봐요.,혼자 고심하느라 마음이 무겁겠어요. 이러지도 저러지도 못할 상황에도 인연을 소중히 생각해 주는 마음이 참 대단해요.,2
하루 이틀 된 사이가 아니잖아요. 몇십 년을 알던 사이니까요. 무슨 어려운 사정이 있겠거예요?싶다가도 그럼 나한테 말이라도 하지 싶어서 화가 나요.,오래된 동료 사이니까 약한 소리 먼저 하기가 자존심 상해서 그럴 수도 있을 것 같긴 해요. 그래도 기다려주는 마음을 생각했으면 자존심 접고 솔직히 말하는 게 좋을 텐데 아쉽네요.,0
맞아요. 사정이 이러니 조금만 기다려 달라거나 최대한 노력해서 갚겠다거나 하면 내가 거절하겠어? 나에 대한 신뢰가 없어서 그런가요 싶기도 해요.,감정화자씨처럼 의리 있고 주위 사람 잘 챙기는 사람이 어디 있다고 마무리가 이래서 아쉽지만 그 동료도 감정화자씨를 좋은 사람이라고 생각하고 있을 거예요.,2
그렇게 말주니 고맙네요. 그 말 들어보니 그냥 없는 돈이라고 생각하고 마음 편히 지내야겠다는 생각이 드네요. 스트레스 받으면 나만 손해잖아요.,잘 생각했어요. 마주칠 때마다 얼굴 붉힐 일 생기면 감정화자씨도 정신적으로 지칠 거예요. ,0
어디 알바생 급하게 구할 수 없을까요? 공감화자씨 조카나 조카 동료라도요.,그새 알바생이 또 그만둔 거예요? ,0
내가 정말 화가 나서 미치겠어요. 겨우 구한 알바생이 손님이랑 말싸움하더니 그대로 나가버렸지 뭐예요.,새 알바생 구하느라 고생하더니 그거 말짱 도루묵이 되었네요. 속상해서 어떡해요. 나도 주변에 알바 할 애 아는 애가 없어요.,2
요즘 애들은 도무지 끈기도 없고 인내심이 없어요. 이런 말하면 꼰대라고 하겠지만 정말 분통이 터져요.,우리가 자라오던 때랑은 다르다고 하잖아요. 그러려니 하고 마음을 내려놔야 해요.,1
겨우 구해서 카페 일 알려주면 금방 그만두니 내가 장사를 할 수가 없어요.,그건 그렇겠어요. 일은 금방 그만두고 사람은 구하기 힘드니 이를 정말 어째요. 감정화자씨가 많이 힘들고 허탈할 것 같아요.,2
오늘은 평일이라 그나마 혼자서도 괜찮은데 주말이 문제예요. 당장 어떻게 하라는 건지.,누구의 손이라도 빌려야 할 것 같은데 제가 가서 도와주는 건 어때요? 나도 십년지기로 지내면서 어깨 너머로 커피 만드는 거 많이 봐왔잖아요. 편한 사람이 옆에 있으면 감정화자씨가 훨씬 마음의 안정이 되지 않을까요?,1
정말이에요? 공감화자님이 해주면 나야 너무 좋지요.,내가 제대로 된 알바생 구할 때까지는 주말마다 도와줄 테니까 걱정하지 마요. 세상일이 다 뜻대로 되겠어요. 가버린 사람 때문에 기분 나쁜 거 털어버려요. 이미 지나간 일이잖아요.,1
그러게요. 내 마음대로 다 되는 거 아닌 거 아는데도 이러네요. 그런데 공감화자님 정말 괜찮겠어요?,감정화자씨가 그 카페로 자리 잡으려고 얼마나 노력했는지 내가 다 알아요. 힘든데 내가 가만히 있을 수는 없지 않지요. ,2
어제 마트에 갔는데 장바구니를 가져오지 않아서 종량제 봉투를 돈 내고 샀지 뭐야. 필요한지 몰라서 안 챙긴 건데 진짜 너무 화가 나.,평소에 네가 환경 보호 때문에 장바구니 챙기는 일에 정말 열심이잖아. 한두푼씩 새는 돈을 모아보겠다고 목표도 세웠었고. 화나는 마음이 뭔지 이해돼.,2
그러니까! 근데 더 화나는 게 뭔지 알아? 같이 간 친구는 그걸 알면서도 나한테 얘기 안 해준 거 있지?,그럼 친구는 혼자서 장바구니를 챙겨간 거야? 네가 너무 배신당한 느낌이 들었겠다.,2
계산할 때 친구가 장바구니를 딱 꺼내는데 누가 내 뒤통수를 퍽 친 것처럼 멍해지더라. 어떻게 혼자만 챙겨올 수가 있어! 서로 잊는 것 같으면 알려주자고 약속도 했었단 말이야!,네가 진짜 당황스럽고 화가 머리끝까지 날 만한 상황이었겠다. 약속도 했는데 그러면 너무 서운하지. 친구는 그 상황에서 뭐라고 해?,2
그래서 내가 왜 너 혼자 챙겼냐면서 따지니까 당연히 가져올 줄 알았다면서 되레 화내더라. 정말 어이가 없었어.,"네가 그렇게 느낄 수밖에 없겠다. 친구가 약속을 어기고 화도 내, 돈은 돈대로 내. 내가 네 상황이었어도 충분히 화나고 억울했을 것 같거든.",2
결국 나만 내지 않아도 될 돈을 내니까 손해 본 느낌이어서 기분이 아주 안 좋더라고.,네 마음 충분히 이해가. 하지만 친구 말대로 일부러 너를 곤란하게 만들려고 그랬던 건 아닐 거야. 친구도 충분히 네게 미안해하고 있을 것 같으니 마음을 좀 평온하게 다스려보는 건 어떨까?,1
"뭐, 집에 가는 길에 친구가 미리 말 못 해줘서 미안하다고 사과하기는 하더라고.",그러니까 그만 화 풀어. 오히려 앞으로는 장을 볼 때 장바구니를 챙겨야 한다는 깨달음을 얻은 거잖아. 우리 긍정적으로 생각해보면 어떨까?,1
하긴. 원래는 내가 친구처럼 스스로 챙겼어야 하는 거니까. 다음부터 안 그러면 되지.,맞아. 한번 실수한 건 다음번에 만회하면 되는 거잖아. 역시 힘든 일이나 화나는 일이 있어도 긍정적인 마인드를 가진 네가 너무 자랑스럽다!,2
저 지금 여행 중인 거 아시죠? 그런데 정말 가족들이 너무 한 것 같아요. 하루에 운전을 거의 5시간 넘게 하는데 아무도 신경도 안 써주는 거 같아 너무 상처받았어요.,"어머, 그러셨군요. 정말 힘드시겠어요. 그런데 그 공을 아무도 알아주지 않으니 마음에 상처가 된 거군요?",0
맞아요. 바로 그거예요. 아무도 나를 고마워하지도 않는 것 같고. 불평만 늘어놓고. 나를 생각해주는 사람은 가족 중에 아무도 없는 것 같아 너무 마음에 상처가 되네요.,그렇게 힘들게 운전을 온종일 하며 얼마나 힘드셨겠어요. 그런데 아무도 고맙다는 표현을 하지 않으니 얼마나 속상하셨을지 짐작이 가고도 남아요.,2
"가족들, 특히 아내는 저를 그냥 도구로 보는 것 같아요. 돈 벌어다 주는 도구나 운전해주는 도구요. 더 이상 저에게 애정이 있는 건지 도무지 알 수가 없어요.",그런 생각이 들 수 있어요. 나는 계속 노력하는 데 아무도 그 노력에 대한 인정이나 감사가 없으면 그 누구라도 상처받기 마련이에요.,2
맞아요. 밑 빠진 독에 물 붓는 느낌이랄까. 뭔가 채워지지 않는 느낌이에요.,그런 생각까지 하셨군요. 본인의 노력이 가족들에게 만족감을 주지 못한다고 느끼시니 얼마나 마음이 아프셨겠어요.,2
그래도 저는 가족을 사랑하는 사람이니 계속 이렇게 살겠지만 그래도 때로는 너무하다 생각이 들곤 해요. 와이프도 아예 운전을 나눠서 하려는 시도조차 없어요. 제가 고생하는 게 당연하다 느껴지나 서운하기도 해요.,정말 가족을 많이 사랑하시는 게 느껴져서 감동되네요. 힘드시면서도 계속 가족을 위해 노력하려는 모습이 얼마나 멋지신지 아세요? 사실 가족들도 속으로는 고마워하고 있을 거예요.,2
너무나 서운했는지 마음이 아프다 못해 숨쉬기 답답해지더라고요. 그런데 그렇게 말씀해 주시니 마음이 조금 풀리네요.,"너무 마음에 두지 마시고 본인의 노력에 대해 스스로 자랑스럽게 생각하시는 것도 좋을 것 같아요. 아무나 할 수 없는 일을 하고 계신 거니까요. 가족들도 표현을 안 해서 그렇지, 마음속으로는 깊이 고마워하고 있을 거예요.",2
네. 다들 어색해서 표현은 잘하지 못하지만 절 사랑한다는 건 알아요.,때로는 익숙해서 당연하게 느껴지지만 그렇다고 해서 고마움을 모르거나 사랑하지 않는 건 아닐 거예요. 그리고 어색하더라도 먼저 표현해보시는 노력도 좋을 것 같아요. 고마운 마음은 때론 먼저 표현하기가 너무 힘든 법이니까요.,2
어제 공원에 산책을 나갔는데 글쎄 눈앞에서 고양이를 딱 만났지 뭐야.,너 어릴 때부터 고양이 무서워했잖아. 많이 놀랐겠다.,2
"응, 얼마나 깜짝 놀랐는지... 머리털이 쭈뼛 서는 거 같더라구.",어릴 때처럼 그 자리에서 얼음땡 하고 움직이지도 못한 건 아니지?,0
"그 정도는 아닌데, 하여튼 무서웠어. 근데 언니도 고양이 무서워하지 않았어? 지금도 그래?",난 지금은 안 무서워. 반려견보다 반려묘를 하나 들이고 싶은 정도인걸.,2
어머나! 언니가 고양이 키우면 난 언니네 집에 못 갈 거야!,네가 아직까지 고양이를 피하려고만 하니까 무서움이 자동반사적으로 올라오는 거 같아. 이참에 극복해보면 어떨까?,1
"나도 고양이를 볼 때마다 무서워하고 피하고 싶진 않은데, 그게 어떻게 극복이 돼?","일단 고양이는 사람을 해치지 않아. 힘들겠지만 공원에서 만날 때마다 눈을 마주치고 안녕 하고 말을 걸어봐. 네가 호의적으로 대하면 냥이도 호의적이고, 네가 경계하면 냥이도 경계하는 거야.",1
언니도 그렇게 해서 무서움을 극복했어?,응. 나도 친구처럼 편견 없이 말도 걸고 관심 있게 살펴보다 보니 고양이가 얼마나 매력 있는 동물인지 알게 된 거 같아.,2
"하긴, 고양이 키우는 사람들은 고양이랑 정말 친구처럼 지내는 거 같더라. 그건 좀 부럽긴 해.",마음을 열면 너도 그렇게 고양이 친구를 만들 수 있어.,2
어떻게 마음을 열어?,"고양이를 볼 때 두려워하는 마음은 습관일 뿐 별다른 이유도, 실체도 없어. 그냥 막연히 두려워하는 거지. 고양이 보고 도망가지 않고 대면하는 횟수가 늘면 자연스레 두려움이 줄어들게 될 거야.",1
공포로부터 도망치면 영원히 그 공포에서 못 벗어난다는 말이네?,"맞아, 바로 그거야.",0
알겠어. 내일부터 공원에서 고양이를 딱 마주쳐도 피하지 않고 말 걸어 인사해볼게.,고양이를 보고도 떨지 않을 때까지 이 언니가 응원할게. 파이팅!,2
"엄마, 저 아직 혼인신고를 안 했어요. 왜 이렇게 망설여지는지 저도 제 마음을 모르겠어요.",시작하는 모든 존재는 늘 아프고 불안하기 마련이란다. 무엇이 너를 불안하게 하는지 잘 생각해 보렴. 결혼한 지 꽤 되었는데 아직 확신이 안 서는 거니?,1
아내가 혼인신고를 하러 가자고 하는데 제가 자꾸 미루니까 결국 화를 내서 싸우고 말았어요. 제가 아내에게 상처를 준 것 같아 너무 괴로워요.,혼인신고를 통해 법적인 부부가 된다는 건 정말 부부가 되는 실감을 너에게 안겨줄 거야. 서로 합의한 게 아닌 너 혼자 미루는 건 아내에게도 너에게도 상처가 된단다.,2
저도 당연히 해야 한다는 걸 아는데 혼인신고를 하는 게 왜 이렇게 부담스러울까요.,한 가정을 책임져야 한다는 걸 확정하는 것만 같아 부담스러운 마음이 들 수 있겠지. 엄마는 이해한단다. 하지만 너를 사랑하고 너와 평생을 함께하려고 결혼한 아내는 이해 못 할 수 있어.,2
너무나 좋은 아내이고 결혼 생활도 만족스러워요. 그래도 1년은 살아보고 신고해야 하지 않느냐고 생각하는 이기적인 마음이 저를 못살게 괴롭혀요.,그런 마음은 너도 아내도 똑같을 거야. 엄마는 네가 이렇게 자기 자신에게 상처를 주면서 미루는 게 더 힘들어 보이는구나. 이제 네 마음은 그만 괴롭히고 네가 행복한 결정을 내렸으면 좋겠어.,1
네. 엄마. 주변에서 자꾸 혼인신고를 최대한 늦게 하라고 하는 말에 한심하게 휘둘리고 있는 것 같아요.,네가 선택한 결혼에 다른 사람이 아닌 너의 확신이 제일 중요하잖아. 널 힘들게 하는 말들은 가끔은 그저 듣고 넘기는 것도 필요해. 이제 불안한 마음은 떨치고 어떻게 더 행복하게 살까 생각하면 네 그런 고민은 사라질 거야.,1
네. 엄마. 정말 정신이 번쩍 들어요. 행복하게 잘 살려고 결혼하고 왜 만약의 경우만을 생각했나 모르겠네요. 정말 저의 미래의 그림을 그려야겠어요.,행복하게 보내도 짧기만 한 신혼생활이잖아. 너의 행복한 순간들을 괜한 걱정과 불안으로 망치지 않았으면 좋겠다.,1
그렇게 할게요. 엄마가 걱정하지 않게 행복한 모습만 보여드리게 노력할게요. 아내와 오늘 화해도 하고 혼인신고도 해야겠어요.,그래. 잘 생각했어. 너의 인생이지만 이제 아내와 함께하는 인생이니만큼 서로의 기분을 이해하고 항상 배려하는 멋진 남편이 되렴.,1
자기야 나 오늘 회식 때 너무 당황스러웠어. 내일이 주말인데 회식 생각만하면 하나도 기쁘지가 않아.,자기가 준비 한다고 했던 회식이었잖아. 무슨 일 있었어?,0
부장님이 알레르기가 많으셔서 메뉴를 맞춰서 미리 주문했었거든. 그런데 막상 가니까 주문한 요리가 아니라 다른 음식이 나왔어. 모두 다 어리둥절한 눈으로 나만 보는데 당혹스러워서 혼났어.,"일부러 따로 주문 되는 곳으로 예약했는데, 식당 측에서 그런 실수를 하다니 너무 당황스러웠겠다. 자기 잘못도 아닌데 괜히 자기가 고생했네.",2
"난 분명 여러 번 확인했는데, 내가 꼼꼼하지 못한 사람이 되어버린 것 같아. 급하게 부장님 것만 다시 주문했는데 음식 기다리는 동안 밥이 코로 넘어가는지 입으로 넘어가는지도 모르겠더라.","안그래도 꼼꼼한 사람인데, 얼마나 신경썼을지 안봐도 다 알지. 다른 직원들도 자기 잘못이 아닌 걸 알고 있을테니 너무 마음 쓸 것 없어.",1
괜히 부장님한테 미운털 박힌 건 아닐까? 너무 당황해서 부장님께 상황 설명도 제대로 못하고 그냥 앉아있기만 했어.,"자기 실수가 아닌데 굳이 나서서 변명할 필요 없지, 괜찮으니 걱정하지 마. 그리고 부장님 음식도 바로 다시 주문하고 잘 대처했는걸? 이런 일로 자기를 안 좋게 평가할 리가 없으니 안심해도 될 것 같아.",1
그날 회식 분위기를 내가 다 망친 것 같아서 안절부절 못 하고 있었는데. 그렇게 말 해주니 마음이 좀 진정이 된다.,"자기가 워낙에 책임감이 강하고, 뭐든 완벽하게 하고 싶어 하니까 그런 마음이 드는 것도 이해돼. 하지만 또 그런 사람이라서 부장님도 자기 실수라고 생각하지 않으실 거야. 자기가 일 하는 걸 누구보다 가까이서 보신 분이잖아.",2
"맞아, 그날 아무도 나에게 뭐라고 하지 않았는데 나 혼자 너무 신경 썼나 봐. 마음이 한결 가볍다.","일도 하고 회식도 준비 하느라 고생했는데, 털어버리고 편안하게 휴일 보냈으면 좋겠어.",1
"고마워, 덕분에 좀 후련하게 주말을 보낼 수 있을 것 같아.",다행이다. 얼른 푹 쉬어.,0
"자기야, 요즘 내가 단 음식을 먹지 않고 있어. 내 자신이 자랑스러울 정도로 너무 기뻐.","그래, 회사에서 실시한 건강 검진 결과에 놀랐었는데, 잘 참고 견뎌줘서 자기에게 너무 감사하고 있어.",2
한동안 금단 현상도 있고 해서 내가 단 음식 끊는 거에 실패할 줄 알았어. 회사에서 집중력도 떨어지고 긴장감도 심해져서 고생했었거든.,집중력이 떨어질 정도로 힘든 줄은 몰랐네. 나도 가끔 자기가 힘들어하는 모습 보면서 안타까웠었는데 정말 잘했어.,2
얼마 전에는 사장님 모시고 하는 회의장에서 큰 실수를 할 뻔하기도 했어. 다행히 동료가 기록해 준 회의록 보면서 위기를 넘겼어.,그때마다 단 음식을 먹고 싶었을 텐데 먹지 않고 잘 견뎠구나. 이번에는 자기가 마음을 단단히 먹은 것 같아서 너무 기뻐.,2
맞아. 다른 때에도 이런 일들이 있었어. 그럴 때마다 한 번은 괜찮겠지 하면서 다시 단 음식을 먹은 것 같아.,그때 내가 더 적극적으로 말렸어야 하는데 그러지 않은 것도 정말 미안하게 생각해. 자기가 힘들어 하면 나도 힘드니까 그냥 넘어간 것 같아.,2
건강 검진 결과를 얘기해 주시던 의사 선생님의 말이 아직도 생생해. 계속 단 음식을 먹게 되면 당뇨 수치가 올라가서 더 이상 후회해도 어쩔 수 없어요. 젊은 나이에 당뇨병으로 고생할 수 없잖아요. 라고 하셨거든.,그렇게 단호하게 얘기해 주셔서 정말 감사하네. 그렇지 않았다면 아직도 단 음식을 끊지 못했을 거야.,2
맞아. 나도 이번에는 단단히 마음 먹지 않으면 건강에 큰 문제가 생기겠구나 싶었어. 그래서 정말 힘들게 참았는데 잘 참은 것 같아서 기뻐.,그런 생각을 한 것 만으로도 반은 성공한 건데 이렇게 실천하고 있으니 자기는 성공한 거야.,2
앞으로도 계속 자기가 옆에서 격려해 주면 더 잘 참을 수 있을 것 같아.,물론이지. 얼마든지 같이 격려해 주고 힘이 되도록 노력할게. 같이 노력해서 성공하도록 하자.,1
"자기야, 나 출근하다가 큰일 날뻔했어. 아니, 사람들이 왜 이렇게 안전 불감증이야. 지금 생각해도 울화가 치민다.",혹시 사고 난 거야? 어디 다치지는 않은 거지? 나 자기 출퇴근 멀리하는 거 안 그래도 걱정되고 신경 쓰여.,2
"아니, 사고가 난건 아니고, 날뻔했어. 아침, 저녁으로 고속도로 타고 다니면서도 그런 적이 없었잖아. 근데 오늘 내 앞에 가던 화물차에서 갑자기 물건이 떨어지는 거야.","그런 경우들 있어서 위험하다고 듣긴 했는데, 자기한테 일어난거야? 잘 피한 거지? 그런 일 때문에 몇 중 추돌사고 났다 그런 뉴스 많이 봤는데, 무슨 일이야 대체.",0
"고속도로에서 갑자기 화물차가 내 앞으로 들어오는 거야. 근데 보니까 적재를 너무 하다 싶게 많이 하고, 고정도 엉성하게 되어있는 거 같았어. 그래서 그 차 뒤에 가지 않으려고 차선을 바꿔야겠다 한순간에 그런 일이 순식간에 일어났어.","아니, 고속도로 들어갈 때는 더욱 신경을 써야지. 대충 실어서 묶었다가 정말 큰일 나봐야 정신 차리려고 그러는 거야? 상관없는 다른 사람이 큰 피해라도 보면 어쩌려고 그래?",0
"그러니까. 급하게 차선을 바꿨는데, 오늘 내가 오전 회의 준비 때문에 일찍 출근했거든. 그래서 도로에 차가 많지 않아서 다행이었지. 만약에 충돌이라도 했다면 정말 큰 사고날 뻔한 거야.","만약에 나처럼 미숙한 사람이면 제대로 대처 못했겠지. 생각만 해도 끔찍하다. 그나마 자기는 운전을 잘하고, 순발력이 있어서 그 정도로 끝난 거야.",2
뭐가 그리 급한지 차에서 물건 떨어진 것도 모르고 막 달리더라. 조금 앞쪽에 쉼터 나오길래 차 세우고 마음 가라앉힌 다음에 고속도로 순찰대에 연락했어. 화물에서 물건 떨어져서 위험하니 처리해달라고.,"너무 잘했어. 뒤에 오는 차들은 거기 물건 떨어진 거 모르고 달리다 다른 사고로 이어질 수도 있잖아. 자기 그 상황에 정말 침착하게 대처 잘했구나. 놀라고 화났을 텐데, 고생했어.",2
"응, 그건 당연히 해야 할 일이지. 내가 목격했고, 그냥 두면 위험한 일이잖아. 바로 출동한다고 했으니 아마 지금쯤은 수습이 됐을 거야.",다행이다. 운전은 정말 나 하나만 조심해서 되는 게 아니란 말이 맞나 봐. 사고 기사 볼 때마다 자기 거의 두 시간 걸려서 지방으로 출퇴근하는 거 걱정돼. 어서 발령이 나서 자기 출퇴근 좀 편해지면 좋겠어.,2
"처음엔 놀란 마음이 크더니 정신 차리고 나니 너무 화가 나더라. 그렇게 개념 없이 다니다 다른 사람 인생에 무슨 짓을 하려고 그러는 거야. 나도 항상 긴장하고 운전하지만, 정말 잠시만 방심했으면 백 프로 큰 사고 났어.","그러니까. 생각만 해도 너무 끔찍하다. 사람이 같은 일을 반복하다 보면 느슨해지기도 하잖아. 오늘 일을 계기로 자기도 다시 마음 다잡고, 운전에 더욱 신경 쓰면 좋을 거 같아.",2
"응. 그래야겠어. 그 상황 생각하면 화는 나지만, 한편으론 별일 없이 지나간 게 감사해. 앞으로 더 조심하라고 각인시켜준 일이라 생각하고, 항상 조심해야지.","응. 법으로도 그런 거 느슨하게 하면 처벌을 좀 강하게 했으면 좋겠어. 평소에 조심하지 않으면, 큰일 난다는 개념을 심어줘야 할거 같아. 지금도 그런 사고가 끝없이 나는 거 보면 아직 대책이 부족한 면이 있나 봐.",1
그런가 봐. 강한 대책이 생길 때까지는 개인이 조심하는 방법뿐이지 뭐. 내가 더 신경 써서 운전할게. 자기 너무 걱정 마.,"응. 그래 자기야. 아침부터 신경 쓰느라 에너지 많이 썼겠다. 점심 맛있는 거 먹고, 기운 보충해. 퇴근길도 안전운전. 알지?",1
요즘 몸이 너무 안 좋아.,그래? 어떻게 안 좋은데? 내가 보기에도 힘이 너무 없네.,0
오미크론 앓고 한참 지났잖아. 그런데도 몸이 너무 무기력해.,그거 큰일이네. 나는 회복이 빨랐는데 당신은 면역력이 약해서 그런가?,0
무기력하다 보니 우울감이 가시질 않아.,내 주변에도 후유증으로 고생들 하더라고.,0
걸리고 말았으면 좋겠다고들 하는데 그렇게 만만하게 볼 건 아니네.,그렇지? 기분까지 우울하다니 걱정스럽네. 어디 맛있는 보양식이라도 먹으러 갈까?,1
입맛도 까칠하니 뭘 먹고 싶다는 생각도 안 들어.,여간해서 입맛이 안 떨어지는 사람이 입맛까지 떨어졌다니 큰일이다.,2
시간이 지나면 괜찮아질까? 걸린 사람이 또 감염되기도 한다니 무서워.,미리 걱정 끌어안을 필요는 없잖아. 이 기회에 건강을 잘 보살피라는 소리인가 보다 그렇게 마음이라도 편히 가집시다.,1
그렇지? 몸이 무기력하고 우울하니 집안일도 하기 싫어지고 아침에 눈 뜨기도 힘들고.,힘들면 그냥 쉬어. 쉬어도 하늘 두 쪽 안 나니까 마음 놓고 쉬어. 집안일은 내가 좀더 하면 되잖아.,0
"하아, 내가 너무 한심해요 보여서 큰일이야.",왜? 무슨 일인데?,0
종강하고 나서 계속 친구랑 하루 종일 메신저를 하고 있더라고.,한참 학기 중에 과제에 시험에 여러 가지 일들로 바빴으니까 그렇게 쉴 수도 있지. 너무 심각하게 생각하지 마.,1
나도 몇 주 전에는 그렇게 생각했는데 끊지 못하고 지금도 하루 종일 메신저를 하고 있으니까.,그러면 메신저를 같이 하고 있는 친구들이랑 여행계획이라도 짜봐.,1
사실 그것도 문제예. 종강 전에는 종강 후에 여행을 가려고 미리 계획을 세워놨었거든. 그런데 코로나 때문에 못 가게 되었어.,혹시 여행뿐만 아니라 다른 여러 계획들도 주변 상황이 갑작스레 변하면서 실행하지 못하게 된 거예요?,0
그렇지. 여행도 가고 알바도 하고 토익학원에서 공부도 하고 그러려고 했는데 코로나 때문에 다 진행하기 어렵게 되었어.,허탈하겠어. 나도 요새 코로나 때문에 아무것도 계획대로 실행하지 못하고 있어. 갑작스레 상황이 바뀌면 뭔가 하기가 힘들지. 그런데 바뀐 상황 속에서 내가 하고 있는 일에 만족하지 못하면 되게 한심하게 보이니까 힘들 거 같아.,2
맞아. 그런 생각이 들어버리니까 너무 스스로가 한심해 보이더라고.,그러면 계획을 세부적으로 조금 다르게 바꿔봐. 예를 들어 여행 대신에 친구 집에서 파자마 파티를 한다거나 학원 대신에 독서실에서 인터넷 강의를 듣는다거나 해봐도 좋을 거 같아.,1
그렇게 해야겠어. 무기력하게 메신저만 하고 스스로를 한심하게 보는 것보다 그렇게 계획의 세부 사항들을 변화시켜서 해보는 것이 더 낫겠어. 같이 생각해줘서 고마워.,나도 네게 힘이 되어줄 수 있어요? 좋았어. 나에게 의지해줘서 고마워.,2
그러면 진행하다가 또 물어볼 일이 있으면 연락할게., 언제든지 편하게 연락을 줘.,1
"형, 이제 겨우 4월인데, 난 한여름 같은 기운을 느껴. 벌써부터 고질병이 올라오는 내 신세가 너무 비참하고 어이가 없어서 화가 날 지경이야. 아무렇지 않은 척 괜찮은 것처럼 일상을 살려고 하는데 흘러가는 자연의 섭리가 날 가만두지 않네.","동생아, 네 문자에 네 고통으로 가득 찬 성난 마음이 담긴 것 같아서 마음이 철렁했어. 내가 네 고통을 대신 가져가 줄 순 없지만, 받아줄 순 있으니 뭐든 내게 털어놔.",1
"같은 엄마 뱃속에서 태어났는데, 왜 나만 손발에 땀이 많은 다한증이야? 겨울이 끝나고 봄이 된 지 얼마나 지났다고, 고작 4월에 운동화 신는 게 답답하고 고통스럽다니 괴로워. 발에 땀이 많아서 주변에 냄새가 날까, 민폐를 끼칠까 신경 쓰여 화가 날 것 같아.","네가 얼마나 불편할지 충분히 이해가 간다. 그래도 성장하면서 쉽지 않은 이 시간들을 끝내 버텨낸 네가 얼마나 대견하고 멋진지 몰라. 괜찮을 거라고 스스로는 다독여도, 주변의 시선이 의식되고 신경 쓰이는 상황이 얼마나 성가시고 원망스러울지 이해해.",2
"본격적인 여름이 온 것도 아니고, 잠깐 포근해진 수준인 4월인데 이 정도면 앞날이 정말 깜깜해. 솔직히 누구의 잘못도 아니지만 어디에라도 억울함을 토하고 싶을 만큼 화가 나. 발이 답답하니, 자꾸만 기분도 좋지 못하고 그게 티가 나 사람들한테 감정대로 말할까봐 신경 쓰여.","주변 사람들에게, 좋은 모습만 보이려고 애써 참고 견디면서 밝고 명랑한 척할 필요 없어. 그게 힘들다면, 내게라도 마음껏 화내고 분노하면서 감정을 풀어도 된단다. 오히려 다 쏟아내고 흘려보내고 나면 격해진 지금 네 분노나 괴로운 순간도 금방 지나갈 거야.",1
"편한 옷을 입는 게 몸이 편해야 마음이 편하고, 그래야 능률이 오르니까 그런 거잖아. 그런데 벌써부터 운동화에 답답함을 느끼는 난 심신이 불편하고, 자꾸만 참을 수 없는 짜증이 밀려와. 밤마다 이런 내 신세의 처량함과 비참함에 한이 맺혀서, 이불 속에 들어가 고함을 지르곤 해.","네가 얼마나 속이 갑갑하고, 터질 것 같은 울화통이 터지면 이불 안에서 소리를 지를지 속상하다. 나도 때로는 풀어지지 않은 실타래 같은 감정이 옥죄는 기분이 들어서, 화를 내고픈 마음을 이해해. 억지로라도 소리를 토해내고 싶을 땐, 그렇게라도 하지 않으면 감정이 어디로 튈지 몰라서 그러는 거지?",2
"조금만 기온이 올라가도 내게는 무더운 날씨로 체감되는 후끈한 기운이 인내심을 약하게 만들고 불평불만을 불러. 오늘 하루도 몇 번이나 입에서 짜증 난다는 소리가 나왔는지 몰라, 이렇게 태어난 게 원통해. 아무리 열심히 살려고 해도 상황이 이러니, 존재 자체가 짜증 나고 성가시니 맨날 화만 쌓여.","억지로 마음을 다스려보려고 해도 감정이 내 계획대로 다스려지지 않으니 인생이 성가시게 느껴질 때가 있지. 우리가 서로 모르는 거지, 저마다 가슴속에 애달픈 사연 하나쯤은 있으니 네가 느끼는 노여움을 이해해. 하지만, 화만 내고 있으면 널 괴롭게 만들 텐데 할 수 있다면 마음을 누그려뜨려보면 어때?",1
"맞아, 사실 화를 내면 낼수록 기분이 나아지기는커녕 점점 더 참을성은 없어지고 격해지더라. 내가 지금 유일하게 할 수 있는 건, 나를 위해서 진정하면서 감정을 평온하게 다스리는 일이겠지? 형이 내 마음을 모를 거라 생각했는데, 이해해 주고 내 입장을 생각해 주니까 마음이 풀린다.","섣부른 말로 네가 더 상처를 받을까 봐 말을 아꼈던 거지, 네가 힘들어할 때마다 속상했어. 그 안타까운 상황을 대신 짊어질 수 없어서 미안했을 뿐이야. 그런데 네가 내 말을 잘 받아주고, 마음을 진정해 본다고 하니 얼마나 다행인지 몰라.",2
"사실 이러면 안 되는 걸 알면서도, 누구에게라도 응석 부리고 다독임을 받고 싶었던 것 같아. 형한테 솔직하게 내 감정을 토로하고 나니까, 그것만으로도 나는 속이 뻥 뚫린 것 같아. 안 좋은 감정을 털어내는 문자가 기분 나빴을 수도 있을 텐데, 받아줘서 고마워.","내가 네게 해줄 수 있는 일이 있다면, 나는 뭐라도 기꺼이 널 도울 거야. 네 감정을 받아줄 수 있는 것도, 내가 당연히 해주고 싶은 도움이야. 나쁜 것이든, 좋은 것이든 내가 필요한 순간에 네게 도움이 되면 좋겠어.",2
"여보, 고양이 학대 관련 뉴스 인터뷰하고 왔어.",생각보다 그 인터뷰를 빨리했구나.,0
응. 밥 줬던 길고양이들이 생각나서 마음이 울컥하더라. 우리 동네 길고양이들 정말 순하고 착했는데.,엄청 슬펐겠다. 나라도 그 상황에서 애통하지 않을 수 없었겠네. 얘기만 들어도 이렇게 슬픈데 당신은 오죽했을까 싶어.,2
나와 같은 사람들의 심정을 대변할 수 있을 거 같아서 슬픈 마음에도 인터뷰를 수락했었어.,뉴스 인터뷰 어떤 식으로 진행했어?,0
"그렇게 길지는 않았어. 동네에서 이런 일이 일어나 비통하고, 다시는 일어나지 않기 위해 모두가 노력해야 한다는 식으로 답했어.",인터뷰하면서 아무 잘못 없는 고양이들이 얼마나 아팠을까 하는 생각이 들고 그랬지?,0
응. 끝나고 집 오는 길에 눈물이 줄줄 나더라. 다음에 또 이런 일이 생긴다는 거 생각만 해도 또 눈물이 날 거 같아.,많은 사람이 지금 길고양이의 안전을 위해 힘내고 있는 거 당신도 알잖아. 그러니까 상황이 다 잘 풀릴 수 있을 거라고 긍정적으로 믿음을 가져보자. 이럴 때일수록 희망을 잃지 않는 게 중요해.,1
내가 희망을 가지고 살다 보면 정말 다 해결되는 날이 올까?,"분명히 그럴 거야. 사건이 잘 해결되고, 상황이 더 좋아져 괜찮을 수 있을 거야. 그러니 여보, 너무 슬퍼하지 않아도 돼. 괜찮아.",1
그렇게 말해줘서 고마워. 인터뷰하면서 슬펐던 마음이 많이 진정됐어. 당신 말처럼 이럴 때일수록 희망을 가질게.,좋아. 우리 범인 꼭 잡히길 바라면서 길고양이 잘 있는지 동네 한 바퀴 돌고 오자.,1
"언니, 나 어떡해? 큰일났어.",응? 왜 그래. 무슨 일 있어?,0
나 친구 결혼식 때문에 현금이 필요해서 ATM기에서 돈 뽑았거든. 근데 거기다가 통장 두고 온 거 같아.,아이고. 평소에 똑 부러지던 네가 어쩌다 그런 실수를 한 거야. 다시 가서 확인해봤어?,0
응. 통장 없어진 거 확인하고 바로 달려갔는데 통장이 없어. 누가 가져간 걸까? 불안해서 온몸이 떨려.,통장에 돈이 적게 든 것도 아니고 무서울 만하지. 그런 상황이라면 나 같아도 그랬을 거야.,2
나 이번에 적금 깨서 통장에 현금 엄청 많단말야. 거기다가 통장 비밀번호도 내 생일이라 비밀번호 유추하기도 쉬워. 언니 나 심장이 너무 벌렁거려.,동생아 일단 심호흡 크게 한번 해봐. 네 심정이 얼마나 불안한지 언니가 왜 모르겠어. 일단 네가 침착해야 상황을 해결 할 수 있어.,1
심호흡은 계속 하고 있는데 누가 그 돈 빼갈까 봐 두려워서 식은땀이 줄줄 흘러. 어떡하지? 어떻게 해야 할지 모르겠어. 머리가 안 돌아가.,"일단 네가 바로 갔는데 통장이 사라진 거면 누군가 가져간 건 확실하니까 일단 경찰에 신고해보는 게 어때? 누가 가져갔다고 해도 그렇게 쉽게 돈을 빼가지는 못 할 거야. 괜찮아 동생아, 많이 무섭겠지만 일단 진정하고 신고부터 해.",1
응. 그래도 언니랑 대화하면서 진정이 좀 된 거 같아. 돈 빠져나갔다는 알림은 안 오고 있으니까 조금 안심해도 되겠지? 언니 말대로 경찰에 신고부터 해야겠다.,그래. 일단 전화해봐. 너무 걱정하지 말자. 누가 돌려주려고 가져갔거나 이미 경찰서 가서 맡긴 거 일 수도 있잖아. 괜찮아. 잘 해결될 거야. 언니가 있잖아.,1
응. 내가 너무 놀라서 허둥지둥한 거 같아. 신고하고 경찰 연락 기다려볼게.,응. 조금 진정된 거 같아서 다행이다. 지금 어디에 있는지 주소 찍어서 보내줘. 언니가 바로 갈게.,2
와주려고? 언니 진짜 고마워. 언니 같은 든든한 사람이 내 언니라서 너무 다행이야.,우리 동생이 불안해 하는데 언니가 당연히 가야지. 금방 갈게 너무 불안해 하지 말고 있어.,0
"엄마, 드디어 집 바로 앞에 새로운 지하철역이 생겼어요. 그렇게 오래 기다렸는데, 드디어 생겨서 너무 기뻐요.","우리 딸 좋은 소식 정말 축하해. 결혼한 이후에, 대중교통 이용이 불편해서 힘들어했잖아. 이제는 힘들지 않아서 참 좋겠다.",2
"네 남편과 함께 이 집에 온 이후에, 새집에 들어와서 참 좋았어요. 그런데 불편한 건 딱 하나, 지하철이 없어서였거든요. 이제는 그런 불편함을 감수하지 않아도 돼서 참 기뻐요.",엄마도 전에 살던 집이 대중교통이 불편했어서 네 마음 잘 알아. 게다가 지하철이 생겼으니 집값도 많이 올라서 더 기쁠 것 같네. 네가 얼마나 신났는지 나에게도 충분히 느껴진다.,2
네 사실 남편이랑 대출을 감당하는 게 조금 힘겨웠거든요. 집값이 올라서 조금은 염려가 줄어들어요. 돈 문제도 해결된 것 같아서 마음의 짐을 좀 내려놓을 수 있겠어요.,"그래 그동안 힘들었던 것 내려놓고, 오늘은 기쁨을 충분히 즐기기 바래. 기쁜 마음으로 기쁜 소식을 받아들이면 너의 행복도 배로 느껴질 거야.",2
"엄마 말이 맞아요. 지하철이 생겨서, 이제는 멀리 걸어 다니지 않아도 되고, 이점이 참 많은 것 같아요. 이 집으로 이사 오고 나서 택시를 자주 탔었는데, 택시비도 아낄 수 있고 말이에요.","요즘 형편이 많이 어렵다고 들었는데, 그런 교통비를 줄이는 것도 너에게 큰 도움이 되겠구나. 사실, 네가 다리가 많이 약한데 오랫동안 걸어 다녀서 마음이 많이 쓰였었어. 이제는 그 문제가 해결되서 나도 기쁘네.",2
"네 병원에서도 되도록 오래 걷지 말라 했었거든요. 엄마가 걱정할까 봐 말은 안 했지만, 택시비를 아끼려고 한시간 동안 걸은 적도 있어요. 이제는 문제가 해결되었기도 하고, 너무 기쁜 날이니까 그냥 편하게 털어놓네요.",이런 얘기를 들으니 집 바로 앞에 새로운 지하철 역이 생긴 게 더 다행으로 느껴진다. 정말 잘된 일이니 다시 한번 축하해 우리 딸.,2
네 엄마의 축하를 받으니 더 기뻐요. 지하철도 생겼으니 다음에 한번 놀러 오세요. 맛있는 음식 대접할게요.,그래 언제든 초대해주렴. 엄마는 언제든 네가 부른다면 갈 준비가 되어있어. 많이 보고 싶어 우리 딸.,1
저도 정말 많이 그립고 보고 싶어요. 조만간 연락 다시 드릴게요. 곧 뵐 때까지 건강 잘 챙기고 계세요 엄마.,그래 우리 딸도 밥 잘 챙겨 먹어. 항상 건강관리 잘하고. 조만간 보자 사랑해 내 딸.,1
"오늘 아침에 우리 딸이 나 외면하면서 밉다고 하면서 코트 걸치고 학교에 휙 가버렸다. 그 모습도 사랑스럽긴 했는데, 나 너무 억울하고 상처받았어.",아침부터 딸 자랑 문자야? 억울한 일이라니 무슨 일이 있었던 거야?,0
주말에 같이 시간 보내면서 내기 걸고 게임 했는데 아빠가 돼서 양보도 안 해주냐고 하더라고. 사실 아이가 원하는 게 아이돌 콘서트라고 했는데 티켓 가격도 만만치 않아서 열심히 했어. 근데 아이가 결과에 승복하지 않아서 안 되는 건 안 되는 거라고 단호하게 얘기해줬거든.,공정함을 게임으로 교육하는 것도 좋은 방법 같네. 아이는 아빠가 왠지 일부러 져줘서 자신에게 선물해줄 거라고 기대했나 보다. 아빠는 무슨 일이 있어도 아이 바람 들어주고 싶은 마음일 테니까.,2
나도 그런 마음이지. 하지만 우리 형편에 아이돌 콘서트 티켓값은 너무 과한 지출이었어. 시원하게 보내 주고 싶은데 그러지 못하니까 또 씁쓸하고 상처는 되더라고.,어느 부모가 자식 소망을 무시하고 싶겠어. 별도 따다 주고 달도 따다 주고 아이가 바라건 다 해주고 싶지. 못해 주는 너도 참 상처였겠다.,2
맞아. 아이가 원하는 건 다 해주고 싶은데 그러기 쉽지 않더라고 타협해야 하는 일들이 참 많다. 애써 게임으로 아이한테 희망만 불어넣고 안 된다고 말하기 힘들더라. 이 마음을 또 아이에게는 들키고 싶지 않았어.,당연히 그렇지. 근데 주말에 그렇게 아이와 함께 보내면서 아이가 뭘 원하는지 어디에 관심을 쏟는지 아는 아빠잖아. 그런 아빠가 우리 아빠라고 생각하면 나는 너무 행복할 것 같은데? 아이를 사랑하는 방법이 참 현명한 것 같아.,2
그렇게 말해주니 또 내가 꽤 괜찮은 아빠인 것 같다. 그래도 남들 다 가는 아이돌 콘서트 못 보내 주는 아빠인데 원망하진 않을까 싶어. 꽤 열심히 살아서 여기까지 왔는데 그런 거 하나 못 해주니까 인생이 억울하기도 하더라고.,티켓은 지금 지나가는 일이지만 너의 인생은 그냥 지나가는 게 아니잖아. 누적되어 오는 거지. 토끼 같은 딸이랑 같이 투덕투덕하며 살아가는 게 오히려 큰 축복 아닐까?,2
맞아. 그렇게 들으니 나는 축복 속에 살고 있구나. 오늘 우리 딸이랑 맛있는 저녁 먹어야겠다. 허심탄회하게 말할 수 있게 들어줘서 고맙다.,오히려 무거운 마음을 터놓고 말해줘서 내가 고맙지. 오늘 저녁 좋은 시간 되었으면 좋겠다.,2
다음에 우리 밥 한번 먹자. 축복 속에서 사는 현명한 아빠 대표로 밥 한번 살게.,그래. 밥 사야겠다. 상처받은 마음 잘 추스르고. 얘기 잘 풀리길 바랄게.,1
"언니, 어른이 된다는 건 자기 행동에 책임을 져야 한다는 거겠지. 내가 잘못해서 책임질 일이 생겼는데 결과가 어떻게 나올지 몰라서 너무 불안해지고 손이 막 떨려. 달리 말할 곳이 없어서 언니한테 문자 보내 봐.",혹시 무슨 일 있었어? 상태가 안 좋은 것 같아서 걱정이네.,2
입사한 뒤로 처음으로 나 때문에 업무에 실수가 생겼거든. 생각보다 일이 커져서 내가 책임져야 하는 일도 생겼는데 어떻게 될지 모르겠어. 일한 경험이 별로 없어서 아직 서투른 건 어쩔 수 없다지만 마음이 너무 초조하고 불안해.,모든 게 낯설고 어려운 상황인 와중에 예상치 못한 실수를 하게 돼서 많이 놀라고 난처했겠다. 이미 내 손을 떠난 일이라는 걸 알면서도 시간을 돌이켜서 수습하고 싶었을 듯해. 많이 걱정하고 염려하고 있는 게 느껴져서 염려된다.,2
마지막으로 꼼꼼하게 확인해야 할 게 있었는데 요새 일이 너무 바빠서 그걸 놓쳤던 것 같아. 또 이번 실수를 계기로 다른 분들이 나를 안 좋게 생각하면 어쩌나 싶어서 두려워. 내 평가가 나빠질까 봐 심장이 자꾸 뛰어서 불안하네.,"사람이라면 누구나 실수를 하게 되고, 그건 일한 시간과 관계가 없다고 하더라. 실수를 한 이후에 어떻게 책임을 지는지가 가장 중요하다고 생각해. 그래도 너는 네가 맡은 일에 끝까지 책임지려고 노력하는 끈기가 있으니 무사히 해결될 거야.",1
손에서 자꾸 땀이 나서 진정하기가 어려워. 혹시라도 내가 잘못한 것 때문에 일을 더는 못하게 되는 건 아니겠지.,그런 일은 전혀 없을 테니까 걱정하지 마. 지금 몸도 마음도 많이 불안정해져서 생각이 좋지 않은 쪽으로 흘러가나 봐. 모든 일은 내가 어떻게 마음을 먹는지에 따라 달라지는 거니까 긍정적으로 생각하면서 긴장을 완화시켜 봐.,1
언니 말대로 생각을 다르게 해 보니까 마음이 한결 편안해졌어. 또 누구나 실수를 하는 거라고 하니까 나도 이번 일을 경험으로 삼아서 다음에는 더 조심해야겠어.,아직은 낯설게만 느껴지는 것들도 차근차근 해내다 보면 금세 손에 익을 거야. 그러면 마음속의 부담도 줄어들 테니까 앞으로의 일들도 너무 걱정하지 마. 앞으로도 지금처럼 최선을 다하면 되니까.,1
"응, 언니한테 연락하기를 정말 잘한 것 같아. 아까는 내 행동에 책임을 져야 한다는 생각에 너무 불안하고 괴로웠는데 훨씬 좋아졌어.",앞으로도 언제든 혼자 감당하기 어려운 고민이 생기면 언니한테 얘기해. 뭐든 성심성의껏 귀 기울이면서 함께 고민해 줄게.,1
"말만 들어도 마음이 든든해지는 기분이야. 언니 덕분에 무거웠던 고민도 내려놓고, 불편하게 뛰던 심장도 나아졌어. 나중에 또 연락할게.","그래, 언제든 괜찮아지면 메시지 또 보내 줘.",0
나 오늘 기쁜 일 있었어!,무슨 일이길래 그렇게 신이 났어?,0
나 드디어 기부를 해서 너무 기뻐! 커피 마실 돈을 저금해서 기부를 했더니 너무 뿌듯하고 기뻐.,"세상에, 듣는 나도 이렇게 기쁘고 뿌듯한데 너는 어떨지 상상이 안 돼! 정말 기쁘겠다. 그런데 어디에 기부한 거야?",2
"내가 평소에 미혼모 가정에 관심이 많았잖아, 그래서 미혼모센터에 기부하고 왔어. 커피 마실 돈을 아껴서 기부를 한 거라 금액이 크지는 않지만, 정말 뿌듯해. 좋은 일을 한 것 같아서 매우 기뻐.","기부금 액수보다 네가 그 사람들을 도와주고 싶은 마음이 더 중요한 거지! 평소에 관심이 많았던 점도 멋있지만, 기부를 했다는 점이 정말 최고로 멋있다! 액수보다도 네 생각이 정말 멋있어서 본받고 싶어.",2
"네가 그렇게 말해주니까 더 기쁘다! 커피 마실 돈을 저금하려고 집에서 음료를 싸서 다니는 게 사실 조금 귀찮았는데, 너무 뿌듯해. 그래서 앞으로도 저금해서 석 달에 한 번씩 기부하려고!",정말 멋있다! 네가 기뻐하는 모습을 보니 나도 기쁘다. 그리고 나도 저금해서 기부하고 싶다는 생각이 들어. 다음에 기부할 때 나도 같이 할 수 있을까?,2
당연하지! 네가 같이하고 싶다고 하니까 더 기뻐! 같이 할 사람이 생기니까 더 든든하고 좋다!,그렇다니 다행이야. 나도 이제 커피 마실 돈 아껴서 미혼모 가정에 조금이라도 보탬이 되고 싶어. 좋은 친구를 둔 덕분에 나도 좋은 일에 동참하게 되는 것 같아 기쁘다.,2
나도 좋은 친구와 함께하게 되어서 더 기뻐!,"네가 착하고 사려 깊은 사람이라는 건 알고 있었는데, 생각했던 것보다 더 멋있고 대단한 사람이야. 네 덕분에 항상 내가 좋은 영향을 받는 것 같아서 고마워.",2
나야말로 네 칭찬 덕분에 매번 기쁘고 행복해. 항상 좋게 말해줘서 정말 고마워! 넌 정말 좋은 친구야!,네가 기쁘다니 나도 정말 기쁘다. 다음에 기부할 때 연락해. 함께하자!,1
저 어제 우리 팀 사수한테 고백했어요. 그런데 왜 이리 마음이 불안할까요?,드디어 고백했군요. 그동안 끙끙대더니 속 시원하겠어요.,2
사수랑 진지하게 만나보고 싶다고 했는데 아무 말도 안 하더라고요. ,갑작스런 고백에 당황했나 봐요. 사수도 감정화자씨를 좋아하는 걸로 보였는데요.,0
"저도 그런 것 같아서 용기를 내서 말했는데, 반응이 없으니까 불안해요.",사수가 표현을 잘 못하는 성격이잖아요. 아마 쑥스러워서 말 못했을 수도 있어요.,0
저라면 좋으면 좋다고 바로 말할 텐데 사수가 아무 말이 없으니까 거절당할까봐 두렵기도 하고.,마음을 좀 편히 갖고 기다려 봐요. 만약에 거절을 당하더라도 마음의 상처는 생기겠지만 더 좋은 사람을 만나려고 그러는 것일 수도 있고요.,1
근데 거절당하면 너무 창피하지 않을까요?,창피할 게 뭐가 있어요. 한 마디도 못 해보고 혼자 끙끙 앓다가 후회하는 사람들도 많잖아요. 저는 그런 용기를 갖고 있는 감정화자씨가 부러운걸요.,2
이게 뭐가 부러워요. 저는 괜한 짓을 한 게 아닌가 후회하고 있는데요.,그렇지 않아요. 용기 덕분에 네 사랑을 쟁취할 수도 있잖아요. 아마 사수도 진지하게 고민 중일 거예요.,0
그럴까요? 사수가 진지하게 고민 중에 있으면 나에 대한 마음이 전혀 없었던 건 아니란 얘기겠지요?,그러니까 마음 편하게 있어 봐요. 혹시 거절을 한다 해도 너무 걱정은 하지 마요. 세상의 반이 남자예요.,1
